track,artist,charted,energy,tempo,speechiness,danceability,mode,key,liveness,valence,loudness,time_signature,duration_ms,acousticness,instrumentalness
I'm So Excited,The Pointer Sisters,True,0.858,92.305,0.0348,0.685,1,8,0.147,0.692,-6.496,4,229467,0.104,0.000119
Tragedy,Bee Gees,True,0.602,117.967,0.0268,0.667,1,2,0.282,0.778,-8.307,4,305320,0.0804,0.00771
Baby Baby,Corona,True,0.869,133.033,0.0311,0.639,1,7,0.0576,0.562,-8.479,4,228013,0.00336,0.002
Think,Aretha Franklin,True,0.75,110.102,0.0442,0.69,1,6,0.603,0.905,-6.449,4,138720,0.374,0
Die Young,Kesha,True,0.7,128.001,0.046,0.711,0,1,0.215,0.801,-4.805,4,211920,0.00498,0.000125
Sandstorm,Darude,True,0.965,136.065,0.0465,0.528,0,11,0.0797,0.587,-7.984,4,225493,0.141,0.985
Don't Wake Me Up,Chris Brown,True,0.691,127.967,0.051,0.602,0,7,0.144,0.206,-5.197,4,222307,0.0548,0
Girls Just Want to Have Fun,Cyndi Lauper,True,0.847,120.527,0.0361,0.705,1,6,0.406,0.743,-2.588,4,228120,0.414,3.21e-06
Africa,TOTO,True,0.373,92.718,0.0323,0.671,1,9,0.0481,0.732,-18.064,4,295893,0.257,8.01e-05
Like A G6,Far East Movement,True,0.869,125.024,0.314,0.629,0,7,0.191,0.715,-7.013,4,218347,0.00657,0
Classic,MKTO,True,0.781,102.078,0.121,0.713,1,1,0.155,0.8,-4.859,4,175333,0.0353,0
Car Wash,Rose Royce,True,0.706,112.985,0.0909,0.806,1,0,0.07,0.608,-6.044,4,312355,0.028,0
Replay,Iyaz,True,0.751,91.031,0.0708,0.706,1,9,0.168,0.195,-6.323,4,182307,0.173,0
Get Up Offa That Thing,James Brown,True,0.682,117.959,0.404,0.852,1,2,0.934,0.763,-10.041,4,251067,0.181,0
Best of My Love,The Emotions,True,0.57,115.376,0.0348,0.764,1,0,0.0812,0.972,-11.361,4,219933,0.45,0.362
Love Hangover,Diana Ross,True,0.83,111.506,0.0539,0.528,1,1,0.05,0.819,-6.351,4,224267,0.275,0.00118
Hotel Room Service,Pitbull,True,0.599,126.003,0.227,0.849,1,6,0.0763,0.761,-8.164,4,238507,0.00301,0.000249
Groove Is in the Heart,Deee-Lite,True,0.881,121.554,0.0701,0.694,0,1,0.0851,0.924,-4.053,4,231787,0.0153,0.0196
Demons,Imagine Dragons,True,0.71,179.561,0.0547,0.327,1,3,0.28,0.416,-2.928,4,175200,0.202,9e-05
Shake Your Body (Down to the Ground),The Jacksons,True,0.716,117.642,0.0621,0.828,1,0,0.342,0.848,-6.418,4,477240,0.0351,0.000156
Got 2 Luv U (feat. Alexis Jordan),Sean Paul,True,0.793,184.032,0.297,0.605,0,7,0.124,0.647,-3.084,4,196640,0.0825,0
S&M,Rihanna,True,0.682,127.975,0.042,0.767,1,1,0.104,0.833,-5.02,4,243533,0.0113,0.00016
See You Again,Miley Cyrus,True,0.911,138.975,0.177,0.692,0,9,0.112,0.801,-5.098,4,190453,0.0149,7.34e-05
Here I Am,Bryan Adams,True,0.772,98.962,0.0295,0.581,1,8,0.0837,0.172,-7.17,4,284893,0.00852,2.98e-05
Stuck On You,Elvis Presley,True,0.678,131.719,0.0463,0.649,1,7,0.129,0.96,-7.389,4,138827,0.775,0.000634
Happy,Pharrell Williams,True,0.757,159.911,0.153,0.652,1,1,0.0886,0.962,-6.819,4,233305,0.286,0
The Climb,Miley Cyrus,True,0.594,161.028,0.0324,0.338,1,4,0.0968,0.396,-6.607,4,237067,0.0757,0
Shooting Star,Boyzone,True,0.443,116.019,0.034,0.604,1,8,0.0553,0.231,-11.217,4,253120,0.201,2.22e-06
Titanium (feat. Sia),David Guetta,True,0.787,126.062,0.103,0.604,0,0,0.127,0.301,-3.674,4,245040,0.0679,0.15
I Need Air (feat. Angela Hunte),Magnetic Man,True,0.829,186.353,0.0818,0.429,1,9,0.0839,0.391,-5.156,4,258107,0.000905,0.139
I Remember,deadmau5,True,0.513,128.004,0.0464,0.813,0,11,0.116,0.602,-8.047,4,547493,0.0245,0.237
Ghosts 'n' Stuff,deadmau5,True,0.617,127.996,0.122,0.617,1,8,0.253,0.517,-6.941,4,328253,3.97e-05,0.0598
Starry Eyed,Ellie Goulding,True,0.831,149.915,0.0333,0.508,0,5,0.352,0.65,-5.273,4,176613,0.121,5.56e-06
Porcelain,Moby,True,0.637,94.73,0.0336,0.297,0,0,0.247,0.332,-7.926,4,241173,0.0014,0.18
When Love Takes Over (feat. Kelly Rowland),David Guetta,True,0.863,129.972,0.0255,0.658,1,11,0.2,0.496,-4.64,4,189000,0.0144,0.000193
Granite,Pendulum,True,0.925,174.089,0.0462,0.392,1,6,0.356,0.2,-6.349,4,283467,1.35e-05,0.703
Flat Beat,Mr. Oizo,True,0.42,128.977,0.578,0.924,1,0,0.403,0.455,-11.67,4,325173,0.000243,0.214
Breakn' a Sweat,Skrillex,True,0.921,139.969,0.074,0.596,0,11,0.536,0.232,-2.5,4,301987,0.0049,0.00019
Blind Faith,Chase & Status,True,0.85,140.05,0.0541,0.453,0,9,0.213,0.418,-4.776,4,233082,0.00585,1.61e-06
Language,Porter Robinson,True,0.614,127.987,0.4,0.737,0,6,0.0682,0.406,-6.001,4,368476,0.0168,0.0534
Natural Blues,Moby,True,0.653,107.988,0.0328,0.681,0,3,0.276,0.656,-7.891,4,253760,0.046,0.0513
Timber (feat. Ke$ha),Pitbull,True,0.965,129.972,0.101,0.587,1,11,0.138,0.825,-4.106,4,204053,0.0362,0
Emerge,Fischerspooner,True,0.734,147.941,0.0445,0.607,1,10,0.0925,0.569,-7.622,4,288307,0.0906,0.812
Hold On,Good Charlotte,True,0.937,137.861,0.0769,0.424,1,1,0.113,0.156,-5.354,4,245600,0.000884,0
New Divide,Linkin Park,True,0.808,117.971,0.0362,0.493,0,5,0.0983,0.38,-3.365,4,268613,0.000235,0
Lithium,Evanescence,True,0.632,117.887,0.0359,0.49,0,10,0.095,0.19,-3.847,4,224107,0.223,0
Wait and Bleed,Slipknot,True,0.996,93.345,0.104,0.382,1,7,0.417,0.327,-4.119,4,147840,0.00208,0
Complicated,Avril Lavigne,True,0.776,77.987,0.0459,0.585,1,5,0.3,0.427,-5.898,4,244507,0.0572,7.74e-06
Say Something,A Great Big World,True,0.147,141.284,0.0355,0.407,1,2,0.0913,0.0765,-8.822,3,229400,0.857,2.89e-06
The Hell Song,Sum 41,True,0.935,173.429,0.0817,0.359,0,8,0.351,0.658,-5.529,4,198493,0.000143,0.0141
Skinny Love,Birdy,True,0.29,166.467,0.051,0.379,1,4,0.118,0.169,-8.485,4,201080,0.952,0.00106
Call Me When You're Sober,Evanescence,True,0.876,93.444,0.0518,0.449,1,7,0.296,0.358,-4.09,4,214707,0.00159,0
The Phoenix,Fall Out Boy,True,0.964,138.063,0.072,0.562,0,4,0.579,0.41,-2.991,4,244960,0.000539,1.57e-06
First Day Of My Life,Bright Eyes,True,0.201,95.345,0.0363,0.602,1,4,0.0952,0.385,-17.024,4,188800,0.915,8.28e-05
Catch The Wind,Donovan,True,0.284,173.345,0.0286,0.393,1,3,0.105,0.58,-12.778,3,175187,0.416,1.07e-05
Budapest,George Ezra,True,0.247,127.812,0.0311,0.706,1,5,0.103,0.424,-17.961,4,202120,0.261,0
Good Times,CHIC,True,0.657,110.596,0.0522,0.87,1,2,0.053,0.893,-7.32,4,495400,0.149,0.0102
Low Rider,War,True,0.647,139.787,0.0498,0.811,1,0,0.0572,0.99,-10.989,4,191560,0.0823,0.681
Play That Funky Music,Wild Cherry,True,0.87,109.174,0.0592,0.822,1,9,0.045,0.901,-6.257,4,301800,0.124,0
Funkin' for Jamaica,Tom Browne,True,0.776,111.212,0.217,0.854,1,8,0.0549,0.656,-9.85,4,280933,0.436,0.175
The Payback,James Brown,True,0.793,97.685,0.284,0.838,1,6,0.21,0.73,-8.924,4,447680,0.212,2.19e-05
Superstition,Stevie Wonder,True,0.751,100.437,0.0806,0.648,1,8,0.0418,0.863,-8.582,4,244827,0.0182,0.000401
Pick Up the Pieces,Average White Band,True,0.853,107.234,0.0427,0.768,0,10,0.0188,0.889,-5.915,4,239908,0.0548,0.13
Get Up Offa That Thing,James Brown,True,0.664,118.104,0.411,0.883,1,4,0.941,0.8,-10.395,4,250200,0.225,2.3e-06
I Want Your Love,CHIC,True,0.723,113.121,0.0382,0.706,1,5,0.0994,0.937,-9.235,4,415467,0.0232,0.0441
Go With The Flow,Queens of the Stone Age,True,0.991,159.39,0.087,0.246,1,9,0.867,0.415,-3.903,4,187147,0.00944,0.0753
Easy,Faith No More,True,0.46,124.578,0.034,0.498,0,10,0.11,0.356,-9.243,4,189000,0.266,0.000799
My Hero,Foo Fighters,True,0.925,153.981,0.0659,0.364,1,4,0.0603,0.301,-4.224,4,258973,6.01e-05,0.000251
Give It Away,Red Hot Chili Peppers,True,0.989,91.558,0.0616,0.683,0,9,0.0964,0.781,-2.092,4,284267,0.00579,0.00108
100%,Sonic Youth,True,0.888,117.046,0.0646,0.451,1,7,0.386,0.299,-9.898,4,149293,0.00151,0.00542
Pretty Noose,Soundgarden,True,0.925,150.893,0.0643,0.389,1,0,0.222,0.317,-7.97,4,251867,1.79e-05,0.244
Freak,Silverchair,True,0.883,118.058,0.0652,0.539,0,6,0.0606,0.405,-6.614,4,226107,0.00451,1.38e-06
Swallowed,Bush,True,0.546,179.651,0.0348,0.276,1,1,0.283,0.124,-9.095,4,290867,0.00112,4.25e-05
Smells Like Teen Spirit,Nirvana,True,0.875,116.754,0.0429,0.48,1,1,0.103,0.826,-5.898,4,300827,1.62e-05,0.000751
Awful,Hole,True,0.967,136.331,0.0632,0.377,1,4,0.111,0.646,-5.479,4,196000,3.83e-05,0.0579
Lucid Dreams,Juice WRLD,True,0.566,83.903,0.2,0.511,0,6,0.34,0.218,-7.23,4,239836,0.349,0
I'm Upset,Drake,True,0.586,150.002,0.343,0.899,0,11,0.0836,0.492,-7.866,4,214467,0.279,0
Thrift Shop (feat. Wanz),Macklemore & Ryan Lewis,True,0.526,94.992,0.293,0.781,0,6,0.0457,0.662,-6.985,4,235613,0.0619,0
Man's Not Hot,Big Shaq,True,0.884,135.048,0.236,0.905,1,0,0.107,0.588,-4.076,4,186027,0.111,8.31e-05
Bad and Boujee (feat. Lil Uzi Vert),Migos,True,0.666,127.079,0.244,0.926,1,11,0.123,0.168,-5.314,4,343150,0.0611,0
For Free (feat. Drake),DJ Khaled,True,0.571,103.521,0.2,0.916,0,10,0.153,0.498,-8.241,4,183695,0.0173,1.11e-06
Break Ya Neck,Busta Rhymes,True,0.809,83.011,0.251,0.82,0,4,0.0613,0.737,-6.759,4,231240,0.443,0.00175
Hate Me Now (feat. Diddy),Nas,True,0.77,90.0,0.222,0.678,0,9,0.109,0.412,-4.399,4,284000,0.00583,0
All Mine,Kanye West,True,0.308,122.099,0.338,0.925,0,11,0.0933,0.265,-6.562,4,145507,0.125,0
Ghost Town,Kanye West,True,0.543,83.364,0.0287,0.572,0,7,0.329,0.329,-4.251,4,271387,0.0954,0
Can't Let You Go (feat. Mike Shorey & Lil' Mo),Fabolous,True,0.614,192.235,0.451,0.681,1,9,0.0829,0.803,-6.562,4,223560,0.231,0
Show Me (feat. Chris Brown),Kid Ink,True,0.508,98.098,0.0502,0.711,1,7,0.141,0.663,-7.299,4,217800,0.0355,0
Don't Cry (feat. XXXTENTACION),Lil Wayne,True,0.71,112.014,0.331,0.618,1,8,0.183,0.233,-6.066,4,249450,0.407,0
I Got 5 On It,Luniz,True,0.706,173.926,0.361,0.6,0,10,0.125,0.58,-7.899,4,253533,0.209,0
Sing For The Moment,Eminem,True,0.824,163.961,0.137,0.668,0,5,0.0426,0.185,-4.164,4,339547,0.0017,3.05e-06
Get Low,Lil Jon & The East Side Boyz,True,0.621,101.007,0.0376,0.771,1,1,0.124,0.154,-7.453,4,334067,0.0297,0
Walk It Talk It,Migos,True,0.633,145.914,0.184,0.907,1,2,0.106,0.395,-5.145,4,276147,0.0876,2.6e-06
Bodak Yellow,Cardi B,True,0.703,125.022,0.103,0.926,0,11,0.231,0.485,-6.337,4,223713,0.0659,0
Little Donkey,Gracie Fields,True,0.19,91.582,0.029,0.472,1,5,0.358,0.301,-9.699,4,215359,0.976,0
Rockin' Around the Christmas Tree,Brenda Lee,True,0.285,69.945,0.0416,0.66,0,5,0.408,0.862,-17.002,4,127866,0.75,0
It's the Most Wonderful Time of the Year,Andy Williams,True,0.598,201.629,0.0369,0.24,1,7,0.117,0.776,-8.435,3,151933,0.766,0
Jingle Bell Rock,Bobby Rydell,True,0.603,133.513,0.0358,0.727,1,2,0.0892,0.942,-7.754,4,151400,0.42,0
Finger Of Suspicion,Dickie Valentine,True,0.113,72.647,0.0316,0.548,1,4,0.484,0.375,-11.435,4,169332,0.951,1.36e-05
Am I Wrong,Nico & Vinz,True,0.68,119.939,0.0306,0.725,1,8,0.158,0.76,-5.465,4,247520,0.162,2.13e-06
Hangover,Taio Cruz,True,0.888,128.032,0.0454,0.604,0,0,0.117,0.635,-3.282,4,244507,0.00868,0
Infinity 2008,Guru Josh Project,True,0.849,127.999,0.0576,0.493,0,7,0.355,0.483,-6.139,4,190013,0.000337,0.00672
Changes,Faul & Wad,True,0.704,125.999,0.0374,0.822,0,3,0.0633,0.255,-8.242,4,345173,0.00864,0.627
Wild Ones (feat. Sia),Flo Rida,True,0.889,127.019,0.0504,0.624,0,5,0.227,0.45,-3.772,4,233688,0.101,0
Hideaway,Kiesza,True,0.601,122.961,0.054,0.863,0,7,0.0676,0.178,-6.978,4,251960,0.109,0.00764
As Your Friend,Afrojack,True,0.769,128.028,0.0688,0.655,1,6,0.292,0.812,-4.445,4,240005,0.0429,0
We Found Love,Rihanna,True,0.74,127.98,0.0407,0.755,1,1,0.124,0.609,-4.951,4,215760,0.0225,0.00139
Dirty Talk,Wynter Gordon,True,0.789,130.01,0.0342,0.689,1,11,0.104,0.895,-5.459,4,197187,0.0342,0.00129
Feel This Moment (feat. Christina Aguilera),Pitbull,True,0.758,135.958,0.158,0.668,1,7,0.204,0.531,-3.589,4,229507,0.0338,0
Icarus,Madeon,True,0.841,126.113,0.0529,0.48,0,1,0.111,0.143,-2.267,4,214267,0.000245,0.303
Happy When It Rains,The Jesus and Mary Chain,True,0.84,125.319,0.0346,0.499,1,10,0.238,0.732,-6.642,4,217313,0.000564,0.171
Pumped Up Kicks,Foster The People,True,0.71,127.975,0.0292,0.733,0,5,0.0956,0.965,-5.849,4,239600,0.145,0.115
In the Mood,Glenn Miller,True,0.398,82.768,0.11,0.645,1,8,0.0731,0.705,-12.208,4,211587,0.854,0.306
Unsquare Dance,Dave Brubeck,True,0.512,116.981,0.0745,0.647,1,7,0.0989,0.582,-13.619,4,119827,0.0504,0.925
Mi Gente,J Balvin,True,0.704,104.666,0.0777,0.548,0,11,0.143,0.288,-4.838,4,185040,0.0168,2.25e-05
Here I Go Again,Whitesnake,True,,,,,,,,,,,,,
Run to the Hills,Iron Maiden,True,,,,,,,,,,,,,
The Trooper,Iron Maiden,True,,,,,,,,,,,,,
Jump,Van Halen,True,,,,,,,,,,,,,
Wind Of Change,Scorpions,True,,,,,,,,,,,,,
Fear of the Dark,Iron Maiden,True,,,,,,,,,,,,,
Master Of Puppets,Metallica,True,,,,,,,,,,,,,
Is This Love,Whitesnake,True,,,,,,,,,,,,,
Symphony Of Destruction,Megadeth,True,,,,,,,,,,,,,
The Final Countdown,Europe,True,,,,,,,,,,,,,
Feed My Frankenstein,Alice Cooper,True,,,,,,,,,,,,,
Roots Bloody Roots,Sepultura,True,,,,,,,,,,,,,
Breaking the Law,Judas Priest,True,,,,,,,,,,,,,
No More Tears,Ozzy Osbourne,True,,,,,,,,,,,,,
Poison,Alice Cooper,True,,,,,,,,,,,,,
Enter Sandman,Metallica,True,,,,,,,,,,,,,
Walk,Pantera,True,,,,,,,,,,,,,
Paranoid,Black Sabbath,True,,,,,,,,,,,,,
Hello,Adele,True,,,,,,,,,,,,,
7 Years,Lukas Graham,True,,,,,,,,,,,,,
Sorry,Justin Bieber,True,,,,,,,,,,,,,
All My Friends (feat. Tinashe & Chance the Rapper),Snakehips,True,,,,,,,,,,,,,
A Te,Andrea Bocelli,True,,,,,,,,,,,,,
Starving,Hailee Steinfeld,True,,,,,,,,,,,,,
Faded,Alan Walker,True,,,,,,,,,,,,,
Mercy,Shawn Mendes,True,,,,,,,,,,,,,
1999,Charli XCX,True,,,,,,,,,,,,,
Ciao Adios,Anne-Marie,True,,,,,,,,,,,,,
Mask Off,Future,True,,,,,,,,,,,,,
Never Forget You,Zara Larsson,True,,,,,,,,,,,,,
Shallow,Lady Gaga,True,,,,,,,,,,,,,
All In My Head (Flex) (feat. Fetty Wap),Fifth Harmony,True,,,,,,,,,,,,,
Freaky Friday (feat. Chris Brown),Lil Dicky,True,,,,,,,,,,,,,
Havana (feat. Young Thug),Camila Cabello,True,,,,,,,,,,,,,
Work from Home (feat. Ty Dolla $ign),Fifth Harmony,True,,,,,,,,,,,,,
Royals,Lorde,True,,,,,,,,,,,,,
Play Hard (feat. Ne-Yo & Akon),David Guetta,True,,,,,,,,,,,,,
MIA (feat. Drake),Bad Bunny,True,,,,,,,,,,,,,
Want to Want Me,Jason Derulo,True,,,,,,,,,,,,,
Secret Love Song (feat. Jason Derulo),Little Mix,True,,,,,,,,,,,,,
I Fall Apart,Post Malone,True,,,,,,,,,,,,,
Time of Our Lives,Pitbull,True,,,,,,,,,,,,,
Someone New,Hozier,True,,,,,,,,,,,,,
Rise,Katy Perry,True,,,,,,,,,,,,,
Perfect Strangers,Jonas Blue,True,,,,,,,,,,,,,
Counting Stars,OneRepublic,True,,,,,,,,,,,,,
Talking Body,Tove Lo,True,,,,,,,,,,,,,
Crying in the Club,Camila Cabello,True,,,,,,,,,,,,,
Ruin My Life,Zara Larsson,True,,,,,,,,,,,,,
Summertime Sadness,Lana Del Rey,True,,,,,,,,,,,,,
Swalla (feat. Nicki Minaj & Ty Dolla $ign),Jason Derulo,True,,,,,,,,,,,,,
7 Years,Lukas Graham,True,,,,,,,,,,,,,
I Still Haven't Found What I'm Looking For,U2,True,,,,,,,,,,,,,
Little Sister,Queens of the Stone Age,True,,,,,,,,,,,,,
Plush,Stone Temple Pilots,True,,,,,,,,,,,,,
Lust For Life,Iggy Pop,True,,,,,,,,,,,,,
Paradise City,Guns N' Roses,True,,,,,,,,,,,,,
Livin' On A Prayer,Bon Jovi,True,,,,,,,,,,,,,
Californication,Red Hot Chili Peppers,True,,,,,,,,,,,,,
Clocks,Coldplay,True,,,,,,,,,,,,,
Numb,Linkin Park,True,,,,,,,,,,,,,
All Day and All of the Night,The Kinks,True,,,,,,,,,,,,,
Free Bird,Lynyrd Skynyrd,True,,,,,,,,,,,,,
Jeremy,Pearl Jam,True,,,,,,,,,,,,,
Keep on Loving You,REO Speedwagon,True,,,,,,,,,,,,,
Alone,Heart,True,,,,,,,,,,,,,
Chasing Cars,Snow Patrol,True,,,,,,,,,,,,,
The Passenger,Iggy Pop,True,,,,,,,,,,,,,
Rosanna,TOTO,True,,,,,,,,,,,,,
Smells Like Teen Spirit,Nirvana,True,,,,,,,,,,,,,
Sweet Home Alabama,Lynyrd Skynyrd,True,,,,,,,,,,,,,
Hard Times,Paramore,True,,,,,,,,,,,,,
Vertigo,U2,True,,,,,,,,,,,,,
Bombtrack,Rage Against The Machine,True,,,,,,,,,,,,,
Loser,Beck,True,,,,,,,,,,,,,
Let's Have A Party,Wanda Jackson,True,,,,,,,,,,,,,
Glory Days,Bruce Springsteen,True,,,,,,,,,,,,,
Best of You,Foo Fighters,True,,,,,,,,,,,,,
Livin' On A Prayer,Bon Jovi,True,,,,,,,,,,,,,
Walk on the Wild Side,Lou Reed,True,,,,,,,,,,,,,
Boom Boom,John Lee Hooker,True,,,,,,,,,,,,,
Bye Bye Love,The Everly Brothers,True,,,,,,,,,,,,,
Scar Tissue,Red Hot Chili Peppers,True,,,,,,,,,,,,,
Be-Bop-A-Lula,Gene Vincent,True,,,,,,,,,,,,,
Two Princes,Spin Doctors,True,,,,,,,,,,,,,
Black Night,Deep Purple,True,,,,,,,,,,,,,
Proud Mary,Creedence Clearwater Revival,True,,,,,,,,,,,,,
Bark at the Moon,Ozzy Osbourne,True,,,,,,,,,,,,,
In The Air Tonight,Phil Collins,True,,,,,,,,,,,,,
I'm Walkin',Fats Domino,True,,,,,,,,,,,,,
Black,Pearl Jam,True,,,,,,,,,,,,,
Walk Of Life,Dire Straits,True,,,,,,,,,,,,,
R U Mine?,Arctic Monkeys,True,,,,,,,,,,,,,
Smooth (feat. Rob Thomas),Santana,True,,,,,,,,,,,,,
Happy Together,The Turtles,True,,,,,,,,,,,,,
Rave On,Buddy Holly,True,,,,,,,,,,,,,
Blue Suede Shoes,Elvis Presley,True,,,,,,,,,,,,,
With Arms Wide Open,Creed,True,,,,,,,,,,,,,
Welcome To The Jungle,Guns N' Roses,True,,,,,,,,,,,,,
Livin' On The Edge,Aerosmith,True,,,,,,,,,,,,,
High School Confidential,Jerry Lee Lewis,True,,,,,,,,,,,,,
Smoke on the Water,Deep Purple,True,,,,,,,,,,,,,
Rockin' All Over The World,Status Quo,True,,,,,,,,,,,,,
Black Widow,Iggy Azalea,True,,,,,,,,,,,,,
Wide Awake,Katy Perry,True,,,,,,,,,,,,,
Unchained Melody,The Righteous Brothers,True,,,,,,,,,,,,,
Lego House,Ed Sheeran,True,,,,,,,,,,,,,
People Help the People,Birdy,True,,,,,,,,,,,,,
Knock You Down,Keri Hilson,True,,,,,,,,,,,,,
Misery,Maroon 5,True,,,,,,,,,,,,,
Whistle,Flo Rida,True,,,,,,,,,,,,,
Get Here,Oleta Adams,True,,,,,,,,,,,,,
Born This Way,Lady Gaga,True,,,,,,,,,,,,,
Yoü And I,Lady Gaga,True,,,,,,,,,,,,,
This Is How We Do,Katy Perry,True,,,,,,,,,,,,,
You Are The Sunshine Of My Life,Stevie Wonder,True,,,,,,,,,,,,,
Where The Hood At,DMX,True,,,,,,,,,,,,,
Hometown Glory,Adele,True,,,,,,,,,,,,,
Drops of Jupiter (Tell Me),Train,True,,,,,,,,,,,,,
If Tomorrow Never Comes,Ronan Keating,True,,,,,,,,,,,,,
The First Time Ever I Saw Your Face,Roberta Flack,True,,,,,,,,,,,,,
Red Red Wine,UB40,True,,,,,,,,,,,,,
Chandelier,Sia,True,,,,,,,,,,,,,
Weak,SWV,True,,,,,,,,,,,,,
Your Song,Elton John,True,,,,,,,,,,,,,
Just The Way You Are,Barry White,True,,,,,,,,,,,,,
When I Was Your Man,Bruno Mars,True,,,,,,,,,,,,,
Because Of You,Ne-Yo,True,,,,,,,,,,,,,
There You'll Be,Faith Hill,True,,,,,,,,,,,,,
human,Christina Perri,True,,,,,,,,,,,,,
Domino,Jessie J,True,,,,,,,,,,,,,
How Am I Supposed to Live Without You,Michael Bolton,True,,,,,,,,,,,,,
Kiss Me,Sixpence None The Richer,True,,,,,,,,,,,,,
Thinking out Loud,Ed Sheeran,True,,,,,,,,,,,,,
When a Man Loves a Woman,Michael Bolton,True,,,,,,,,,,,,,
Russian Roulette,Rihanna,True,,,,,,,,,,,,,
You'll Be In My Heart,Phil Collins,True,,,,,,,,,,,,,
Mandy,Barry Manilow,True,,,,,,,,,,,,,
We Can't Stop,Miley Cyrus,True,,,,,,,,,,,,,
If You Leave Me Now,Chicago,True,,,,,,,,,,,,,
Never Too Much,Luther Vandross,True,,,,,,,,,,,,,
Addicted To You,Avicii,True,,,,,,,,,,,,,
Grease,Frankie Valli,True,,,,,,,,,,,,,
I Try,Macy Gray,True,,,,,,,,,,,,,
Chain Gang,Sam Cooke,True,,,,,,,,,,,,,
Ben,Michael Jackson,True,,,,,,,,,,,,,
I Need A Dollar,Aloe Blacc,True,,,,,,,,,,,,,
Private Number,William Bell,True,,,,,,,,,,,,,
If I Ain't Got You,Alicia Keys,True,,,,,,,,,,,,,
Sunrise,Norah Jones,True,,,,,,,,,,,,,
Where Is the Love,Roberta Flack,True,,,,,,,,,,,,,
Treat Her Like A Lady,The Temptations,True,,,,,,,,,,,,,
To Love Somebody,Nina Simone,True,,,,,,,,,,,,,
Dancing On The Ceiling,Lionel Richie,True,,,,,,,,,,,,,
Lovely Day,Bill Withers,True,,,,,,,,,,,,,
War,Edwin Starr,True,,,,,,,,,,,,,
Upside Down,Diana Ross,True,,,,,,,,,,,,,
Same Old Song,Four Tops,True,,,,,,,,,,,,,
Tell Me 'Bout It,Joss Stone,True,,,,,,,,,,,,,
Turn Your Love Around,George Benson,True,,,,,,,,,,,,,
I Wish,Stevie Wonder,True,,,,,,,,,,,,,
Knock on Wood,Otis Redding,True,,,,,,,,,,,,,
22,Taylor Swift,True,,,,,,,,,,,,,
It Was Always You,Maroon 5,True,,,,,,,,,,,,,
Drop It Like It's Hot,Snoop Dogg,True,,,,,,,,,,,,,
Dear Darlin',Olly Murs,True,,,,,,,,,,,,,
Take Back the Night,Justin Timberlake,True,,,,,,,,,,,,,
One More Night,Maroon 5,True,,,,,,,,,,,,,
Bonfire Heart,James Blunt,True,,,,,,,,,,,,,
Geronimo,Sheppard,True,,,,,,,,,,,,,
Big Pimpin',JAY-Z,True,,,,,,,,,,,,,
Temperature,Sean Paul,True,,,,,,,,,,,,,
Let Her Go,Passenger,True,,,,,,,,,,,,,
Rack City,Tyga,True,,,,,,,,,,,,,
Still into You,Paramore,True,,,,,,,,,,,,,
Marilyn Monroe,Pharrell Williams,True,,,,,,,,,,,,,
Viva La Vida,Coldplay,True,,,,,,,,,,,,,
Better Together,Jack Johnson,True,,,,,,,,,,,,,
Don't Wanna Go Home,Jason Derulo,True,,,,,,,,,,,,,
I Cry,Flo Rida,True,,,,,,,,,,,,,
Bulletproof,La Roux,True,,,,,,,,,,,,,
I Remember,Kaskade,True,,,,,,,,,,,,,
Witchcraft,Pendulum,True,,,,,,,,,,,,,
Miami 2 Ibiza,Swedish House Mafia,True,,,,,,,,,,,,,
Jumping All Over The World,Scooter,True,,,,,,,,,,,,,
Champagne Showers,LMFAO,True,,,,,,,,,,,,,
Out Of Space,The Prodigy,True,,,,,,,,,,,,,
Don't Stop,ATB,True,,,,,,,,,,,,,
Flashback,Calvin Harris,True,,,,,,,,,,,,,
Clarity,Zedd,True,,,,,,,,,,,,,
Played-A-Live (The Bongo Song),Safri Duo,True,,,,,,,,,,,,,
The Whistle Song,DJ Aligator,True,,,,,,,,,,,,,
Under Control (feat. Hurts),Calvin Harris,True,,,,,,,,,,,,,
Fire,Ferry Corsten,True,,,,,,,,,,,,,
Fly Away,Vincent de Moor,True,,,,,,,,,,,,,
Paradise,Coldplay,True,,,,,,,,,,,,,
Sunday Morning,Maroon 5,True,,,,,,,,,,,,,
Fire,Kasabian,True,,,,,,,,,,,,,
The Only Exception,Paramore,True,,,,,,,,,,,,,
Born To Die,Lana Del Rey,True,,,,,,,,,,,,,
Don't Speak,No Doubt,True,,,,,,,,,,,,,
The Mother We Share,CHVRCHES,True,,,,,,,,,,,,,
Supermassive Black Hole,Muse,True,,,,,,,,,,,,,
Fluorescent Adolescent,Arctic Monkeys,True,,,,,,,,,,,,,
Club Foot,Kasabian,True,,,,,,,,,,,,,
I Say a Little Prayer,Aretha Franklin,True,,,,,,,,,,,,,
Gimme All Your Lovin',ZZ Top,True,,,,,,,,,,,,,
When a Man Loves a Woman,Percy Sledge,True,,,,,,,,,,,,,
I'd Rather Go Blind,Chicken Shack,True,,,,,,,,,,,,,
Going Up The Country,Canned Heat,True,,,,,,,,,,,,,
Need Your Love so Bad,Fleetwood Mac,True,,,,,,,,,,,,,
Oh My God,Kaiser Chiefs,True,,,,,,,,,,,,,
Love Is A Losing Game,Amy Winehouse,True,,,,,,,,,,,,,
The Killing Moon,Echo & the Bunnymen,True,,,,,,,,,,,,,
Tender,Blur,True,,,,,,,,,,,,,
I Fought the Law,The Clash,True,,,,,,,,,,,,,
Banquet,Bloc Party,True,,,,,,,,,,,,,
The Fear,Lily Allen,True,,,,,,,,,,,,,
Supersonic,Oasis,True,,,,,,,,,,,,,
Common People,Pulp,True,,,,,,,,,,,,,
Little Things,One Direction,True,,,,,,,,,,,,,
Mouthwash,Kate Nash,True,,,,,,,,,,,,,
Live And Let Die,Paul McCartney,True,,,,,,,,,,,,,
Goodbye Yellow Brick Road,Elton John,True,,,,,,,,,,,,,
Feel,Robbie Williams,True,,,,,,,,,,,,,
End of a Century,Blur,True,,,,,,,,,,,,,
Don't Throw Your Love Away,The Searchers,True,,,,,,,,,,,,,
Wannabe,Spice Girls,True,,,,,,,,,,,,,
Rehab,Amy Winehouse,True,,,,,,,,,,,,,
How Ya Doin'?,Little Mix,True,,,,,,,,,,,,,
Empire,Kasabian,True,,,,,,,,,,,,,
New Born,Muse,True,,,,,,,,,,,,,
All Summer Long,Kid Rock,True,,,,,,,,,,,,,
You & Me,Disclosure,True,,,,,,,,,,,,,
Stole the Show,Kygo,True,,,,,,,,,,,,,
What Do You Mean?,Justin Bieber,True,,,,,,,,,,,,,
Don't Look Down (feat. Usher),Martin Garrix,True,,,,,,,,,,,,,
Outside (feat. Ellie Goulding),Calvin Harris,True,,,,,,,,,,,,,
Off the Wall,Michael Jackson,True,,,,,,,,,,,,,
Take on Me,a-ha,True,,,,,,,,,,,,,
Dancing Queen,ABBA,True,,,,,,,,,,,,,
My Forbidden Lover,CHIC,True,,,,,,,,,,,,,
Don't Stop The Music,Yarbrough & Peoples,True,,,,,,,,,,,,,
One Way or Another (Teenage Kicks),One Direction,True,,,,,,,,,,,,,
Tarzan Boy,Baltimora,True,,,,,,,,,,,,,
Believe,Cher,True,,,,,,,,,,,,,
On The Radio,Donna Summer,True,,,,,,,,,,,,,
Relax,Frankie Goes To Hollywood,True,,,,,,,,,,,,,
Greyhound,Swedish House Mafia,True,,,,,,,,,,,,,
Take A Chance On Me,ABBA,True,,,,,,,,,,,,,
Into the Groove,Madonna,True,,,,,,,,,,,,,
Disturbia,Rihanna,True,,,,,,,,,,,,,
Love To Love You Baby,Donna Summer,True,,,,,,,,,,,,,
Jump to the Beat,Stacy Lattisaw,True,,,,,,,,,,,,,
Tell It to My Heart,Taylor Dayne,True,,,,,,,,,,,,,
"Money, Money, Money",ABBA,True,,,,,,,,,,,,,
Papa Was A Rollin' Stone,The Temptations,True,,,,,,,,,,,,,
Best Song Ever,One Direction,True,,,,,,,,,,,,,
Tainted Love,Soft Cell,True,,,,,,,,,,,,,
Vogue,Madonna,True,,,,,,,,,,,,,
Knock On Wood,Amii Stewart,True,,,,,,,,,,,,,
Come & Get It,Selena Gomez,True,,,,,,,,,,,,,
Total Eclipse of the Heart,Bonnie Tyler,True,,,,,,,,,,,,,
Our House,Madness,True,,,,,,,,,,,,,
Ain't Nobody,Chaka Khan,True,,,,,,,,,,,,,
Think About the Way,Ice Mc,True,,,,,,,,,,,,,
Every 1's a Winner,Hot Chocolate,True,,,,,,,,,,,,,
Hot Stuff,Donna Summer,True,,,,,,,,,,,,,
Time,Chase & Status,True,,,,,,,,,,,,,
End Credits,Chase & Status,True,,,,,,,,,,,,,
Propane Nightmares,Pendulum,True,,,,,,,,,,,,,
Why Does My Heart Feel So Bad?,Moby,True,,,,,,,,,,,,,
One,Swedish House Mafia,True,,,,,,,,,,,,,
Me And You,NERO,True,,,,,,,,,,,,,
Harlem Shake,Baauer,True,,,,,,,,,,,,,
Ooh La La,Goldfrapp,True,,,,,,,,,,,,,
We'll Be Coming Back (feat. Example),Calvin Harris,True,,,,,,,,,,,,,
The Blower's Daughter,Damien Rice,True,,,,,,,,,,,,,
Jesus of Suburbia,Green Day,True,,,,,,,,,,,,,
9 Crimes,Damien Rice,True,,,,,,,,,,,,,
Going Under,Evanescence,True,,,,,,,,,,,,,
Before I Forget,Slipknot,True,,,,,,,,,,,,,
Toxicity,System Of A Down,True,,,,,,,,,,,,,
Flavor Of The Weak,American Hi-Fi,True,,,,,,,,,,,,,
Pain,Jimmy Eat World,True,,,,,,,,,,,,,
The Scientist,Coldplay,True,,,,,,,,,,,,,
I'm with You,Avril Lavigne,True,,,,,,,,,,,,,
The Cave,Mumford & Sons,True,,,,,,,,,,,,,
If You Could Read My Mind,Gordon Lightfoot,True,,,,,,,,,,,,,
Fast Car,Tracy Chapman,True,,,,,,,,,,,,,
Only Love,Ben Howard,True,,,,,,,,,,,,,
The A Team,Ed Sheeran,True,,,,,,,,,,,,,
Little Lion Man,Mumford & Sons,True,,,,,,,,,,,,,
Everlong,Foo Fighters,True,,,,,,,,,,,,,
Greedy Fly,Bush,True,,,,,,,,,,,,,
Buddy Holly,Weezer,True,,,,,,,,,,,,,
Hanging By A Moment,Lifehouse,True,,,,,,,,,,,,,
Only Happy When It Rains,Garbage,True,,,,,,,,,,,,,
Crank That (Soulja Boy),Soulja Boy,True,,,,,,,,,,,,,
Gold Digger,Kanye West,True,,,,,,,,,,,,,
goosebumps,Travis Scott,True,,,,,,,,,,,,,
X,Xzibit,True,,,,,,,,,,,,,
Mockingbird,Eminem,True,,,,,,,,,,,,,
Don't Believe The Hype,Public Enemy,True,,,,,,,,,,,,,
Always On Time,Ja Rule,True,,,,,,,,,,,,,
All Falls Down,Kanye West,True,,,,,,,,,,,,,
Just A Lil Bit,50 Cent,True,,,,,,,,,,,,,
I Saw Mommy Kissing Santa Claus,Jimmy Boyd,True,,,,,,,,,,,,,
If I Were A Carpenter,Bobby Darin,True,,,,,,,,,,,,,
White Christmas,Bing Crosby,True,,,,,,,,,,,,,
Let's Go (feat. Ne-Yo),Calvin Harris,True,,,,,,,,,,,,,
Call Me Maybe,Carly Rae Jepsen,True,,,,,,,,,,,,,
Technologic,Daft Punk,True,,,,,,,,,,,,,
Guiding Light,Mumford & Sons,True,,,,,,,,,,,,,
Nude,Radiohead,True,,,,,,,,,,,,,
Oxford Comma,Vampire Weekend,True,,,,,,,,,,,,,
Midnight in Moscow,Kenny Ball,True,,,,,,,,,,,,,
Don't Leave,Snakehips,True,,,,,,,,,,,,,
Last Friday Night (T.G.I.F.),Katy Perry,True,,,,,,,,,,,,,
Moonlight,XXXTENTACION,True,,,,,,,,,,,,,
All of Me,John Legend,True,,,,,,,,,,,,,
Your Song,Rita Ora,True,,,,,,,,,,,,,
Human,Rag'n'Bone Man,True,,,,,,,,,,,,,
You Don't Know Me,Jax Jones,True,,,,,,,,,,,,,
See You Again (feat. Charlie Puth),Wiz Khalifa,True,,,,,,,,,,,,,
Millionaire (feat. Nelly),Cash Cash,True,,,,,,,,,,,,,
Wolves,Selena Gomez,True,,,,,,,,,,,,,
Boom Clap,Charli XCX,True,,,,,,,,,,,,,
Jealous,Labrinth,True,,,,,,,,,,,,,
Youngblood,5 Seconds of Summer,True,,,,,,,,,,,,,
Flames,David Guetta,True,,,,,,,,,,,,,
Perfect,Ed Sheeran,True,,,,,,,,,,,,,
iSpy (feat. Lil Yachty),KYLE,True,,,,,,,,,,,,,
Say Something,A Great Big World,True,,,,,,,,,,,,,
Hotter Than Hell,Dua Lipa,True,,,,,,,,,,,,,
Amnesia,5 Seconds of Summer,True,,,,,,,,,,,,,
You Don't Know Love,Olly Murs,True,,,,,,,,,,,,,
Hotline Bling,Drake,True,,,,,,,,,,,,,
Better,Khalid,True,,,,,,,,,,,,,
Dangerous Woman,Ariana Grande,True,,,,,,,,,,,,,
Meant to Be (feat. Florida Georgia Line),Bebe Rexha,True,,,,,,,,,,,,,
Lonely Together (feat. Rita Ora),Avicii,True,,,,,,,,,,,,,
Dark Horse,Katy Perry,True,,,,,,,,,,,,,
FRIENDS,Marshmello,True,,,,,,,,,,,,,
Woman Like Me (feat. Nicki Minaj),Little Mix,True,,,,,,,,,,,,,
Hold the Line,TOTO,True,,,,,,,,,,,,,
Smooth (feat. Rob Thomas),Santana,True,,,,,,,,,,,,,
Hurt,Johnny Cash,True,,,,,,,,,,,,,
American Woman,The Guess Who,True,,,,,,,,,,,,,
The Reason,Hoobastank,True,,,,,,,,,,,,,
Heathens,Twenty One Pilots,True,,,,,,,,,,,,,
American Girl,Tom Petty and the Heartbreakers,True,,,,,,,,,,,,,
Cold as Ice,Foreigner,True,,,,,,,,,,,,,
Even Flow,Pearl Jam,True,,,,,,,,,,,,,
Cryin',Aerosmith,True,,,,,,,,,,,,,
Whiskey In The Jar,Metallica,True,,,,,,,,,,,,,
American Idiot,Green Day,True,,,,,,,,,,,,,
Island In The Sun,Weezer,True,,,,,,,,,,,,,
Are You Gonna Go My Way,Lenny Kravitz,True,,,,,,,,,,,,,
Freak On a Leash,Korn,True,,,,,,,,,,,,,
Somewhere I Belong,Linkin Park,True,,,,,,,,,,,,,
Take Me Out,Franz Ferdinand,True,,,,,,,,,,,,,
Radar Love,Golden Earring,True,,,,,,,,,,,,,
Hurt,Johnny Cash,True,,,,,,,,,,,,,
Keep A Knockin,Little Richard,True,,,,,,,,,,,,,
Gotta Be Somebody,Nickelback,True,,,,,,,,,,,,,
Burning Love,Elvis Presley,True,,,,,,,,,,,,,
Good Golly Miss Molly,Little Richard,True,,,,,,,,,,,,,
The Weight,The Band,True,,,,,,,,,,,,,
20th Century Boy,T. Rex,True,,,,,,,,,,,,,
Little Sister,Queens of the Stone Age,True,,,,,,,,,,,,,
Don't Bring Me Down,Electric Light Orchestra,True,,,,,,,,,,,,,
Monkey Business,Skid Row,True,,,,,,,,,,,,,
Walk Of Life,Dire Straits,True,,,,,,,,,,,,,
I Want You to Want Me,Cheap Trick,True,,,,,,,,,,,,,
Stray Cat Strut,Stray Cats,True,,,,,,,,,,,,,
Whiskey In The Jar,Metallica,True,,,,,,,,,,,,,
Sultans Of Swing,Dire Straits,True,,,,,,,,,,,,,
The River,Bruce Springsteen,True,,,,,,,,,,,,,
Runaway,Del Shannon,True,,,,,,,,,,,,,
(You're The) Devil in Disguise,Elvis Presley,True,,,,,,,,,,,,,
Unskinny Bop,Poison,True,,,,,,,,,,,,,
Climax,Usher,True,,,,,,,,,,,,,
Amazed,Lonestar,True,,,,,,,,,,,,,
Heaven,Bryan Adams,True,,,,,,,,,,,,,
Every Teardrop Is a Waterfall,Coldplay,True,,,,,,,,,,,,,
Forever,Chris Brown,True,,,,,,,,,,,,,
Te Amo,Rihanna,True,,,,,,,,,,,,,
Better in Time,Leona Lewis,True,,,,,,,,,,,,,
Mockingbird,Eminem,True,,,,,,,,,,,,,
All That Matters,Justin Bieber,True,,,,,,,,,,,,,
Angel,Sarah McLachlan,True,,,,,,,,,,,,,
The One That Got Away,Katy Perry,True,,,,,,,,,,,,,
Riptide,Vance Joy,True,,,,,,,,,,,,,
Cheers (Drink To That),Rihanna,True,,,,,,,,,,,,,
By Your Side,Sade,True,,,,,,,,,,,,,
Marry You,Bruno Mars,True,,,,,,,,,,,,,
Neon Lights,Demi Lovato,True,,,,,,,,,,,,,
Bassline Junkie,Dizzee Rascal,True,,,,,,,,,,,,,
(Everything I Do) I Do It For You,Bryan Adams,True,,,,,,,,,,,,,
Could You Be Loved,Bob Marley & The Wailers,True,,,,,,,,,,,,,
Stay,Rihanna,True,,,,,,,,,,,,,
Without You,Mariah Carey,True,,,,,,,,,,,,,
And I Am Telling You I'm Not Going,Jennifer Hudson,True,,,,,,,,,,,,,
Treasure,Bruno Mars,True,,,,,,,,,,,,,
I'm Coming Out,Diana Ross,True,,,,,,,,,,,,,
Never Can Say Goodbye,The Jackson 5,True,,,,,,,,,,,,,
Hey Jude,Wilson Pickett,True,,,,,,,,,,,,,
I Can't Get Next To You,The Temptations,True,,,,,,,,,,,,,
It Takes Two,Marvin Gaye,True,,,,,,,,,,,,,
My Girl,Otis Redding,True,,,,,,,,,,,,,
I Just Want To Make Love To You,Etta James,True,,,,,,,,,,,,,
Crazy,Gnarls Barkley,True,,,,,,,,,,,,,
No One,Alicia Keys,True,,,,,,,,,,,,,
Papa's Got A Brand New Bag,James Brown,True,,,,,,,,,,,,,
Shake,Otis Redding,True,,,,,,,,,,,,,
I Feel for You,Chaka Khan,True,,,,,,,,,,,,,
Ain't No Sunshine,Michael Jackson,True,,,,,,,,,,,,,
Lost Without U,Robin Thicke,True,,,,,,,,,,,,,
Still,Commodores,True,,,,,,,,,,,,,
The Lazy Song,Bruno Mars,True,,,,,,,,,,,,,
She Doesn't Mind,Sean Paul,True,,,,,,,,,,,,,
Suit & Tie,Justin Timberlake,True,,,,,,,,,,,,,
Live It Up,Jennifer Lopez,True,,,,,,,,,,,,,
Ghost,Ella Henderson,True,,,,,,,,,,,,,
Hello,Martin Solveig,True,,,,,,,,,,,,,
Blurred Lines,Robin Thicke,True,,,,,,,,,,,,,
Alejandro,Lady Gaga,True,,,,,,,,,,,,,
All Around The World,Justin Bieber,True,,,,,,,,,,,,,
Na Na,Trey Songz,True,,,,,,,,,,,,,
Part Of Me,Katy Perry,True,,,,,,,,,,,,,
Boombastic,Shaggy,True,,,,,,,,,,,,,
Get Lucky (feat. Pharrell Williams & Nile Rodgers),Daft Punk,True,,,,,,,,,,,,,
Señorita,Justin Timberlake,True,,,,,,,,,,,,,
Started From the Bottom,Drake,True,,,,,,,,,,,,,
I'm Yours,Jason Mraz,True,,,,,,,,,,,,,
Where Have You Been,Rihanna,True,,,,,,,,,,,,,
The Rhythm of the Night,Corona,True,,,,,,,,,,,,,
Poison,Groove Coverage,True,,,,,,,,,,,,,
White Noise,Disclosure,True,,,,,,,,,,,,,
In The Dark,DEV,True,,,,,,,,,,,,,
Time Of Our Lives,Paul van Dyk,True,,,,,,,,,,,,,
Insomnia,Faithless,True,,,,,,,,,,,,,
God Is a DJ,Faithless,True,,,,,,,,,,,,,
Outside,Staind,True,,,,,,,,,,,,,
Of The Night,Bastille,True,,,,,,,,,,,,,
Love Will Tear Us Apart,Joy Division,True,,,,,,,,,,,,,
The Wire,HAIM,True,,,,,,,,,,,,,
Bring Me To Life,Evanescence,True,,,,,,,,,,,,,
If I Lose Myself,OneRepublic,True,,,,,,,,,,,,,
Black Hole Sun,Soundgarden,True,,,,,,,,,,,,,
Let's Stay Together,Al Green,True,,,,,,,,,,,,,
On The Road Again,Canned Heat,True,,,,,,,,,,,,,
My Baby Just Cares For Me,Nina Simone,True,,,,,,,,,,,,,
Army of Two,Olly Murs,True,,,,,,,,,,,,,
Don't Stand So Close To Me,The Police,True,,,,,,,,,,,,,
Pride (In The Name Of Love),U2,True,,,,,,,,,,,,,
Hand on Heart,Olly Murs,True,,,,,,,,,,,,,
Sheila,Jamie T,True,,,,,,,,,,,,,
Our Day Will Come,Amy Winehouse,True,,,,,,,,,,,,,
(I Just) Died In Your Arms,Cutting Crew,True,,,,,,,,,,,,,
Underdog,Kasabian,True,,,,,,,,,,,,,
Small Bump,Ed Sheeran,True,,,,,,,,,,,,,
Don't Let Me Be Misunderstood,The Animals,True,,,,,,,,,,,,,
Roll With It,Oasis,True,,,,,,,,,,,,,
Angels,Robbie Williams,True,,,,,,,,,,,,,
One Day Like This,Elbow,True,,,,,,,,,,,,,
Country House,Blur,True,,,,,,,,,,,,,
It's All Over Now,The Rolling Stones,True,,,,,,,,,,,,,
22,Lily Allen,True,,,,,,,,,,,,,
Nights In White Satin,The Moody Blues,True,,,,,,,,,,,,,
Someone Like You,Adele,True,,,,,,,,,,,,,
No You Girls,Franz Ferdinand,True,,,,,,,,,,,,,
It's My Life,The Animals,True,,,,,,,,,,,,,
Make Luv,Room 5,True,,,,,,,,,,,,,
Finale (feat. Nicholas Petricca),Madeon,True,,,,,,,,,,,,,
One Last Time,Ariana Grande,True,,,,,,,,,,,,,
Shine,Years & Years,True,,,,,,,,,,,,,
Break Free,Ariana Grande,True,,,,,,,,,,,,,
What I Might Do,Ben Pearce,True,,,,,,,,,,,,,
Go All Night,Gorgon City,True,,,,,,,,,,,,,
All About That Bass,Meghan Trainor,True,,,,,,,,,,,,,
Midnight City,M83,True,,,,,,,,,,,,,
Just Dance,Lady Gaga,True,,,,,,,,,,,,,
How Will I Know,Whitney Houston,True,,,,,,,,,,,,,
"More, More, More",Andrea True Connection,True,,,,,,,,,,,,,
Ymca,Village People,True,,,,,,,,,,,,,
Womanizer,Britney Spears,True,,,,,,,,,,,,,
I Feel Love,Donna Summer,True,,,,,,,,,,,,,
I Feel Love,Donna Summer,True,,,,,,,,,,,,,
Dance Little Lady Dance,Tina Charles,True,,,,,,,,,,,,,
Here Comes the Hotstepper,Ini Kamoze,True,,,,,,,,,,,,,
Love Really Hurts Without You,Billy Ocean,True,,,,,,,,,,,,,
Low (feat. T-Pain),Flo Rida,True,,,,,,,,,,,,,
Machine Gun,Commodores,True,,,,,,,,,,,,,
You Win Again,Bee Gees,True,,,,,,,,,,,,,
Live While We're Young,One Direction,True,,,,,,,,,,,,,
Scream,Usher,True,,,,,,,,,,,,,
Hot Stuff,Donna Summer,True,,,,,,,,,,,,,
The Monster,Eminem,True,,,,,,,,,,,,,
This Is Me,Demi Lovato,True,,,,,,,,,,,,,
Ready For The Floor,Hot Chip,True,,,,,,,,,,,,,
Burnin',Daft Punk,True,,,,,,,,,,,,,
Da Funk,Daft Punk,True,,,,,,,,,,,,,
I Love It (feat. Charli XCX),Icona Pop,True,,,,,,,,,,,,,
Without You (feat. Usher),David Guetta,True,,,,,,,,,,,,,
Lost In Your Love,Redlight,True,,,,,,,,,,,,,
Jar of Hearts,Christina Perri,True,,,,,,,,,,,,,
Famous Last Words,My Chemical Romance,True,,,,,,,,,,,,,
On Top Of The World,Imagine Dragons,True,,,,,,,,,,,,,
Lightning Crashes,Live,True,,,,,,,,,,,,,
Wish You Were Here,Incubus,True,,,,,,,,,,,,,
Midlife Crisis,Faith No More,True,,,,,,,,,,,,,
Otherside,Red Hot Chili Peppers,True,,,,,,,,,,,,,
By the Way,Red Hot Chili Peppers,True,,,,,,,,,,,,,
Mmm Mmm Mmm Mmm,Crash Test Dummies,True,,,,,,,,,,,,,
Burden In My Hand,Soundgarden,True,,,,,,,,,,,,,
Killing In The Name,Rage Against The Machine,True,,,,,,,,,,,,,
"Would? - Live at the Majestic Theatre, Brooklyn, NY - April 1996",Alice In Chains,True,,,,,,,,,,,,,
Sugar Kane,Sonic Youth,True,,,,,,,,,,,,,
Island In The Sun,Weezer,True,,,,,,,,,,,,,
We Own It (Fast & Furious),2 Chainz,True,,,,,,,,,,,,,
Yikes,Kanye West,True,,,,,,,,,,,,,
Unforgettable,French Montana,True,,,,,,,,,,,,,
Slam,Onyx,True,,,,,,,,,,,,,
ZEZE (feat. Travis Scott & Offset),Kodak Black,True,,,,,,,,,,,,,
Girls,Beastie Boys,True,,,,,,,,,,,,,
FEFE (feat. Nicki Minaj & Murda Beatz),6ix9ine,True,,,,,,,,,,,,,
I Wanna Love You,Akon,True,,,,,,,,,,,,,
Super Bass,Nicki Minaj,True,,,,,,,,,,,,,
Mary's Boy Child,Harry Belafonte,True,,,,,,,,,,,,,
Winter World Of Love,Engelbert Humperdinck,True,,,,,,,,,,,,,
Never Do a Tango with an Eskimo,Alma Cogan,True,,,,,,,,,,,,,
Jingle Bell Rock,Bobby Helms,True,,,,,,,,,,,,,
Take Over Control (feat. Eva Simons),Afrojack,True,,,,,,,,,,,,,
Feel The Vibe,Axwell,True,,,,,,,,,,,,,
212,Azealia Banks,True,,,,,,,,,,,,,
Ready For Your Love,Gorgon City,True,,,,,,,,,,,,,
Diamonds,Rihanna,True,,,,,,,,,,,,,
Break Free,Ariana Grande,True,,,,,,,,,,,,,
Another Chance,Roger Sanchez,True,,,,,,,,,,,,,
Young Love (feat. Laura Marling),Mystery Jets,True,,,,,,,,,,,,,
Oye Como Va,Tito Puente,True,,,,,,,,,,,,,
"Hello, Dolly!",Louis Armstrong,True,,,,,,,,,,,,,
Mine,Bazzi,True,,,,,,,,,,,,,
The Music Of The Night,Sarah Brightman,True,,,,,,,,,,,,,
Bon Appétit,Katy Perry,True,,,,,,,,,,,,,
Thunder,Imagine Dragons,True,,,,,,,,,,,,,
679 (feat. Remy Boyz),Fetty Wap,True,,,,,,,,,,,,,
Alarm,Anne-Marie,True,,,,,,,,,,,,,
Locked out of Heaven,Bruno Mars,True,,,,,,,,,,,,,
Instruction (feat. Demi Lovato & Stefflon Don),Jax Jones,True,,,,,,,,,,,,,
The Monster,Eminem,True,,,,,,,,,,,,,
Heart Attack,Demi Lovato,True,,,,,,,,,,,,,
Too Good,Drake,True,,,,,,,,,,,,,
24K Magic,Bruno Mars,True,,,,,,,,,,,,,
Sexual,NEIKED,True,,,,,,,,,,,,,
LIKE I WOULD,ZAYN,True,,,,,,,,,,,,,
Work,Rihanna,True,,,,,,,,,,,,,
We Don't Talk Anymore (feat. Selena Gomez),Charlie Puth,True,,,,,,,,,,,,,
Cake By The Ocean,DNCE,True,,,,,,,,,,,,,
Pray,Sam Smith,True,,,,,,,,,,,,,
Always Remember Us This Way,Lady Gaga,True,,,,,,,,,,,,,
Am I Wrong,Nico & Vinz,True,,,,,,,,,,,,,
Call Me Maybe,Carly Rae Jepsen,True,,,,,,,,,,,,,
Gucci Gang,Lil Pump,True,,,,,,,,,,,,,
Psycho (feat. Ty Dolla $ign),Post Malone,True,,,,,,,,,,,,,
Be Yourself,Audioslave,True,,,,,,,,,,,,,
You Give Love A Bad Name,Bon Jovi,True,,,,,,,,,,,,,
Brothers In Arms,Dire Straits,True,,,,,,,,,,,,,
Are You Gonna Be My Girl,Jet,True,,,,,,,,,,,,,
Friday I'm In Love,The Cure,True,,,,,,,,,,,,,
R U Mine?,Arctic Monkeys,True,,,,,,,,,,,,,
Take A Look Around,Limp Bizkit,True,,,,,,,,,,,,,
Light My Fire,The Doors,True,,,,,,,,,,,,,
Beautiful Day,U2,True,,,,,,,,,,,,,
The Wind Cries Mary,Jimi Hendrix,True,,,,,,,,,,,,,
Run To You,Bryan Adams,True,,,,,,,,,,,,,
The Zephyr Song,Red Hot Chili Peppers,True,,,,,,,,,,,,,
Two Princes,Spin Doctors,True,,,,,,,,,,,,,
Wall of Glass,Liam Gallagher,True,,,,,,,,,,,,,
My Way,Limp Bizkit,True,,,,,,,,,,,,,
Knockin' On Heaven's Door,Bob Dylan,True,,,,,,,,,,,,,
Have You Ever Seen The Rain,Creedence Clearwater Revival,True,,,,,,,,,,,,,
Know Your Enemy,Green Day,True,,,,,,,,,,,,,
Don't Stop,Fleetwood Mac,True,,,,,,,,,,,,,
Here I Go Again,Whitesnake,True,,,,,,,,,,,,,
Here I Go Again,Whitesnake,True,,,,,,,,,,,,,
Run To You,Bryan Adams,True,,,,,,,,,,,,,
The Passenger,Iggy Pop,True,,,,,,,,,,,,,
Crazy,Aerosmith,True,,,,,,,,,,,,,
Long Tall Sally,Little Richard,True,,,,,,,,,,,,,
Race With the Devil,Gene Vincent,True,,,,,,,,,,,,,
Cryin',Aerosmith,True,,,,,,,,,,,,,
Summertime Blues,Eddie Cochran,True,,,,,,,,,,,,,
A Big Hunk O' Love,Elvis Presley,True,,,,,,,,,,,,,
Ballroom Blitz,Sweet,True,,,,,,,,,,,,,
I'm a Believer,The Monkees,True,,,,,,,,,,,,,
Mirror,Lil Wayne,True,,,,,,,,,,,,,
I Have Nothing,Whitney Houston,True,,,,,,,,,,,,,
Ordinary People,John Legend,True,,,,,,,,,,,,,
Take My Breath Away,Berlin,True,,,,,,,,,,,,,
Only Time,Enya,True,,,,,,,,,,,,,
Summertime Sadness,Lana Del Rey,True,,,,,,,,,,,,,
Set Fire to the Rain,Adele,True,,,,,,,,,,,,,
I Wanna Know,Joe,True,,,,,,,,,,,,,
There Is a Light That Never Goes Out,The Smiths,True,,,,,,,,,,,,,
You Belong With Me,Taylor Swift,True,,,,,,,,,,,,,
(I've Had) The Time of My Life,Bill Medley,True,,,,,,,,,,,,,
November Rain,Guns N' Roses,True,,,,,,,,,,,,,
You Raise Me Up,Westlife,True,,,,,,,,,,,,,
The Reason,Hoobastank,True,,,,,,,,,,,,,
One,Ed Sheeran,True,,,,,,,,,,,,,
It Girl,Jason Derulo,True,,,,,,,,,,,,,
Cool Kids,Echosmith,True,,,,,,,,,,,,,
If You're Not The One,Daniel Bedingfield,True,,,,,,,,,,,,,
Like A Star,Corinne Bailey Rae,True,,,,,,,,,,,,,
That's The Way Love Goes,Janet Jackson,True,,,,,,,,,,,,,
Love Don't Live Here Anymore,Rose Royce,True,,,,,,,,,,,,,
Somebody Else's Guy,Jocelyn Brown,True,,,,,,,,,,,,,
Make You Feel My Love,Adele,True,,,,,,,,,,,,,
Dance With My Father,Luther Vandross,True,,,,,,,,,,,,,
What A Wonderful World,Louis Armstrong,True,,,,,,,,,,,,,
What's Love Got to Do with It,Tina Turner,True,,,,,,,,,,,,,
Just The Way You Are,Bruno Mars,True,,,,,,,,,,,,,
You Are The Sunshine Of My Life,Stevie Wonder,True,,,,,,,,,,,,,
Stepping Stone,Duffy,True,,,,,,,,,,,,,
One Day I'll Fly Away,Randy Crawford,True,,,,,,,,,,,,,
My Love Is Your Love,Whitney Houston,True,,,,,,,,,,,,,
You're All I Need To Get By,Marvin Gaye,True,,,,,,,,,,,,,
Standing In The Shadows Of Love,Four Tops,True,,,,,,,,,,,,,
"You're The First, The Last, My Everything",Barry White,True,,,,,,,,,,,,,
Music (feat. Marvin Gaye),Erick Sermon,True,,,,,,,,,,,,,
Pick Up The Pieces,Average White Band,True,,,,,,,,,,,,,
Rock Your Body,Justin Timberlake,True,,,,,,,,,,,,,
Don't Stop Believin',Journey,True,,,,,,,,,,,,,
Turn Me On,Kevin Lyttle,True,,,,,,,,,,,,,
Sunny Afternoon,The Kinks,True,,,,,,,,,,,,,
New Shoes,Paolo Nutini,True,,,,,,,,,,,,,
Mmm Yeah,Austin Mahone,True,,,,,,,,,,,,,
Drinking from the Bottle (feat. Tinie Tempah),Calvin Harris,True,,,,,,,,,,,,,
Roses,Outkast,True,,,,,,,,,,,,,
Finale (feat. Nicholas Petricca),Madeon,True,,,,,,,,,,,,,
Radioactive,Imagine Dragons,True,,,,,,,,,,,,,
Take Me Home (feat. Bebe Rexha),Cash Cash,True,,,,,,,,,,,,,
Tidal Wave,Sub Focus,True,,,,,,,,,,,,,
Electric Feel,MGMT,True,,,,,,,,,,,,,
Komodo,Mauro Picotto,True,,,,,,,,,,,,,
Cry,System F,True,,,,,,,,,,,,,
Wait for Me,Kings of Leon,True,,,,,,,,,,,,,
Walk,Foo Fighters,True,,,,,,,,,,,,,
Brianstorm,Arctic Monkeys,True,,,,,,,,,,,,,
Helena,My Chemical Romance,True,,,,,,,,,,,,,
Lithium,Nirvana,True,,,,,,,,,,,,,
Times Like These,Foo Fighters,True,,,,,,,,,,,,,
Going Under,Evanescence,True,,,,,,,,,,,,,
Crawling,Linkin Park,True,,,,,,,,,,,,,
Radioactive,Kings of Leon,True,,,,,,,,,,,,,
Just A Girl,No Doubt,True,,,,,,,,,,,,,
Even Flow,Pearl Jam,True,,,,,,,,,,,,,
Cousins,Vampire Weekend,True,,,,,,,,,,,,,
Change the World,Eric Clapton,True,,,,,,,,,,,,,
When Love Comes To Town,U2,True,,,,,,,,,,,,,
Hit the Road Jack,Ray Charles,True,,,,,,,,,,,,,
Feeling Good,Nina Simone,True,,,,,,,,,,,,,
Sweets for My Sweet,The Searchers,True,,,,,,,,,,,,,
In The Morning,Razorlight,True,,,,,,,,,,,,,
Laid,James,True,,,,,,,,,,,,,
Why'd You Only Call Me When You're High?,Arctic Monkeys,True,,,,,,,,,,,,,
Golden Brown,The Stranglers,True,,,,,,,,,,,,,
Figure 8,Ellie Goulding,True,,,,,,,,,,,,,
All Or Nothing,Small Faces,True,,,,,,,,,,,,,
Downtown,Petula Clark,True,,,,,,,,,,,,,
Fake Plastic Trees,Radiohead,True,,,,,,,,,,,,,
Wonderwall,Oasis,True,,,,,,,,,,,,,
One Shot,JLS,True,,,,,,,,,,,,,
Step On,Happy Mondays,True,,,,,,,,,,,,,
Resistance,Muse,True,,,,,,,,,,,,,
The Angry Mob,Kaiser Chiefs,True,,,,,,,,,,,,,
Bankrobber,The Clash,True,,,,,,,,,,,,,
The Riverboat Song,Ocean Colour Scene,True,,,,,,,,,,,,,
London Calling,The Clash,True,,,,,,,,,,,,,
Life On Mars? - 1999 Remastered Version,David Bowie,True,,,,,,,,,,,,,
Personal Jesus,Depeche Mode,True,,,,,,,,,,,,,
Blue Monday,New Order,True,,,,,,,,,,,,,
Obviously,McFly,True,,,,,,,,,,,,,
We'll Be Coming Back (feat. Example),Calvin Harris,True,,,,,,,,,,,,,
Trap Queen,Fetty Wap,True,,,,,,,,,,,,,
Cool for the Summer,Demi Lovato,True,,,,,,,,,,,,,
Boys,Sabrina,True,,,,,,,,,,,,,
This Is It,Melba Moore,True,,,,,,,,,,,,,
You Make Me Feel (Mighty Real),Sylvester,True,,,,,,,,,,,,,
I Want You Back,Michael Jackson,True,,,,,,,,,,,,,
Rock Me Amadeus,Falco,True,,,,,,,,,,,,,
Wishing on a Star,Rose Royce,True,,,,,,,,,,,,,
Blow,Kesha,True,,,,,,,,,,,,,
Native New Yorker,Odyssey,True,,,,,,,,,,,,,
Karma Chameleon,Culture Club,True,,,,,,,,,,,,,
And the Beat Goes On,The Whispers,True,,,,,,,,,,,,,
Back Stabbers,The O'Jays,True,,,,,,,,,,,,,
Let You Go,Chase & Status,True,,,,,,,,,,,,,
Love The Way You Lie,Eminem,True,,,,,,,,,,,,,
She Drove Me to Daytime Television,Funeral For A Friend,True,,,,,,,,,,,,,
I Won't Give Up,Jason Mraz,True,,,,,,,,,,,,,
BURN IT DOWN,Linkin Park,True,,,,,,,,,,,,,
Letters To You,Finch,True,,,,,,,,,,,,,
It's Time,Imagine Dragons,True,,,,,,,,,,,,,
I Am Mine,Pearl Jam,True,,,,,,,,,,,,,
Debaser,Pixies,True,,,,,,,,,,,,,
Walking After You,Foo Fighters,True,,,,,,,,,,,,,
Bullet In The Head,Rage Against The Machine,True,,,,,,,,,,,,,
Malibu,Hole,True,,,,,,,,,,,,,
Homecoming,Kanye West,True,,,,,,,,,,,,,
Black Beatles,Rae Sremmurd,True,,,,,,,,,,,,,
Smack That,Akon,True,,,,,,,,,,,,,
Ghetto Gospel,2Pac,True,,,,,,,,,,,,,
The Ringer,Eminem,True,,,,,,,,,,,,,
Soul Survivor,Jeezy,True,,,,,,,,,,,,,
Panda,Desiigner,True,,,,,,,,,,,,,
Laffy Taffy,D4L,True,,,,,,,,,,,,,
BedRock,Young Money,True,,,,,,,,,,,,,
Baby's First Christmas,Connie Francis,True,,,,,,,,,,,,,
Ave Maria,Shirley Bassey,True,,,,,,,,,,,,,
Blue Christmas,Elvis Presley,True,,,,,,,,,,,,,
My Type,Saint Motel,True,,,,,,,,,,,,,
Bailamos,Enrique Iglesias,True,,,,,,,,,,,,,
Now and Later,Sage The Gemini,True,,,,,,,,,,,,,
Million Reasons,Lady Gaga,True,,,,,,,,,,,,,
IDOL,BTS,True,,,,,,,,,,,,,
Glorious (feat. Skylar Grey),Macklemore,True,,,,,,,,,,,,,
Teenage Dream,Katy Perry,True,,,,,,,,,,,,,
Billie Jean,Michael Jackson,True,,,,,,,,,,,,,
Attention,Charlie Puth,True,,,,,,,,,,,,,
Thunderclouds,Sia,True,,,,,,,,,,,,,
Maps,Maroon 5,True,,,,,,,,,,,,,
no tears left to cry,Ariana Grande,True,,,,,,,,,,,,,
No More Sad Songs (feat. Machine Gun Kelly),Little Mix,True,,,,,,,,,,,,,
There's Nothing Holdin' Me Back,Shawn Mendes,True,,,,,,,,,,,,,
Firework,Katy Perry,True,,,,,,,,,,,,,
Wild Thoughts (feat. Rihanna & Bryson Tiller),DJ Khaled,True,,,,,,,,,,,,,
Poison,Alice Cooper,True,,,,,,,,,,,,,
What I've Done,Linkin Park,True,,,,,,,,,,,,,
It's My Life,Bon Jovi,True,,,,,,,,,,,,,
Walk Of Life,Dire Straits,True,,,,,,,,,,,,,
Crazy,Aerosmith,True,,,,,,,,,,,,,
In Too Deep,Sum 41,True,,,,,,,,,,,,,
Everlong,Foo Fighters,True,,,,,,,,,,,,,
Blurry,Puddle Of Mudd,True,,,,,,,,,,,,,
Maggie May,Rod Stewart,True,,,,,,,,,,,,,
Celebrity Skin,Hole,True,,,,,,,,,,,,,
Woman,Wolfmother,True,,,,,,,,,,,,,
I'm On Fire,Bruce Springsteen,True,,,,,,,,,,,,,
The Joker,Steve Miller Band,True,,,,,,,,,,,,,
Rip It Up,Little Richard,True,,,,,,,,,,,,,
Reet Petite,Jackie Wilson,True,,,,,,,,,,,,,
Uprising,Muse,True,,,,,,,,,,,,,
Jailhouse Rock,Elvis Presley,True,,,,,,,,,,,,,
Losing My Religion,R.E.M.,True,,,,,,,,,,,,,
You Give Love A Bad Name,Bon Jovi,True,,,,,,,,,,,,,
The Boys Of Summer,Don Henley,True,,,,,,,,,,,,,
Dreamer,Ozzy Osbourne,True,,,,,,,,,,,,,
One Step Closer,Linkin Park,True,,,,,,,,,,,,,
I Won't Back Down,Tom Petty,True,,,,,,,,,,,,,
Bitch,The Rolling Stones,True,,,,,,,,,,,,,
Return to Sender,Elvis Presley,True,,,,,,,,,,,,,
Memphis Tennessee,Chuck Berry,True,,,,,,,,,,,,,
Spoonman,Soundgarden,True,,,,,,,,,,,,,
One Night,Elvis Presley,True,,,,,,,,,,,,,
I'll Stand by You,Pretenders,True,,,,,,,,,,,,,
Say My Name,Destiny's Child,True,,,,,,,,,,,,,
U Got It Bad,Usher,True,,,,,,,,,,,,,
Fight for You,Jason Derulo,True,,,,,,,,,,,,,
21 Guns,Green Day,True,,,,,,,,,,,,,
Dilemma,Nelly,True,,,,,,,,,,,,,
Purple Rain,Prince,True,,,,,,,,,,,,,
Dark Side,Kelly Clarkson,True,,,,,,,,,,,,,
Wings,Birdy,True,,,,,,,,,,,,,
With You,Chris Brown,True,,,,,,,,,,,,,
Breakaway,Kelly Clarkson,True,,,,,,,,,,,,,
I Will Never Let You Down,Rita Ora,True,,,,,,,,,,,,,
Goodbye My Lover,James Blunt,True,,,,,,,,,,,,,
Another Suitcase in Another Hall,Madonna,True,,,,,,,,,,,,,
Why Can't We Live Together,Timmy Thomas,True,,,,,,,,,,,,,
Summer Breeze,The Isley Brothers,True,,,,,,,,,,,,,
Sweet Baby,Macy Gray,True,,,,,,,,,,,,,
If You Really Love Me,Stevie Wonder,True,,,,,,,,,,,,,
All Night Long (All Night),Lionel Richie,True,,,,,,,,,,,,,
Trouble Sleeping,Corinne Bailey Rae,True,,,,,,,,,,,,,
Reach Out I'll Be There,Four Tops,True,,,,,,,,,,,,,
I'm Still Waiting,Diana Ross,True,,,,,,,,,,,,,
Georgia On My Mind,Ray Charles,True,,,,,,,,,,,,,
Stuck On You,Lionel Richie,True,,,,,,,,,,,,,
I'm Still In Love With You,Al Green,True,,,,,,,,,,,,,
The Payback,James Brown,True,,,,,,,,,,,,,
Love Train,The O'Jays,True,,,,,,,,,,,,,
I Wanna Dance with Somebody (Who Loves Me),Whitney Houston,True,,,,,,,,,,,,,
I Love Music,The O'Jays,True,,,,,,,,,,,,,
Love Runs Out,OneRepublic,True,,,,,,,,,,,,,
Only Girl (In The World),Rihanna,True,,,,,,,,,,,,,
Mirrors,Justin Timberlake,True,,,,,,,,,,,,,
Not Giving In (feat. John Newman & Alex Clare),Rudimental,True,,,,,,,,,,,,,
Love More,Chris Brown,True,,,,,,,,,,,,,
Jamming,Bob Marley & The Wailers,True,,,,,,,,,,,,,
POWER,Kanye West,True,,,,,,,,,,,,,
I'm an Albatraoz,AronChupa,True,,,,,,,,,,,,,
Where Them Girls At (feat. Nicki Minaj & Flo Rida),David Guetta,True,,,,,,,,,,,,,
Wizard,Martin Garrix,True,,,,,,,,,,,,,
Walhalla,Gouryella,True,,,,,,,,,,,,,
Dani California,Red Hot Chili Peppers,True,,,,,,,,,,,,,
Falling,HAIM,True,,,,,,,,,,,,,
The Zephyr Song,Red Hot Chili Peppers,True,,,,,,,,,,,,,
Hear Me,Imagine Dragons,True,,,,,,,,,,,,,
Karma Police,Radiohead,True,,,,,,,,,,,,,
That's Entertainment,The Jam,True,,,,,,,,,,,,,
Rolling In The Deep,Adele,True,,,,,,,,,,,,,
Oh My Goodness,Olly Murs,True,,,,,,,,,,,,,
Some Might Say,Oasis,True,,,,,,,,,,,,,
Things We Lost In The Fire,Bastille,True,,,,,,,,,,,,,
Happy Hour,The Housemartins,True,,,,,,,,,,,,,
Disco 2000,Pulp,True,,,,,,,,,,,,,
You & I,One Direction,True,,,,,,,,,,,,,
My Number,Foals,True,,,,,,,,,,,,,
Ulysses,Franz Ferdinand,True,,,,,,,,,,,,,
Bleeding Love,Leona Lewis,True,,,,,,,,,,,,,
Fight Song,Rachel Platten,True,,,,,,,,,,,,,
Never Be the Same (feat. Kane Brown),Camila Cabello,True,,,,,,,,,,,,,
Wanna Do (feat. Emil),Joe Weller,True,,,,,,,,,,,,,
Desire,Years & Years,True,,,,,,,,,,,,,
Don't Stop The Music,Rihanna,True,,,,,,,,,,,,,
We R Who We R,Kesha,True,,,,,,,,,,,,,
The Sign,Ace of Base,True,,,,,,,,,,,,,
Little Bad Girl (feat. Taio Cruz & Ludacris),David Guetta,True,,,,,,,,,,,,,
International Love (feat. Chris Brown),Pitbull,True,,,,,,,,,,,,,
Enola Gay,Orchestral Manoeuvres In The Dark,True,,,,,,,,,,,,,
Brother Louie,Modern Talking,True,,,,,,,,,,,,,
Breathing,Jason Derulo,True,,,,,,,,,,,,,
Hot Right Now (feat. RITA ORA),DJ Fresh,True,,,,,,,,,,,,,
Waiting All Night (feat. Ella Eyre),Rudimental,True,,,,,,,,,,,,,
Fat Lip,Sum 41,True,,,,,,,,,,,,,
Rooftops (A Liberation Broadcast),lostprophets,True,,,,,,,,,,,,,
Basket Case,Green Day,True,,,,,,,,,,,,,
Ignorance,Paramore,True,,,,,,,,,,,,,
I Don't Love You,My Chemical Romance,True,,,,,,,,,,,,,
Scream Aim Fire,Bullet For My Valentine,True,,,,,,,,,,,,,
First Day Of My Life,Bright Eyes,True,,,,,,,,,,,,,
Take a Picture,Filter,True,,,,,,,,,,,,,
Come As You Are,Nirvana,True,,,,,,,,,,,,,
Summertime Magic,Childish Gambino,True,,,,,,,,,,,,,
Hard Knock Life (Ghetto Anthem),JAY-Z,True,,,,,,,,,,,,,
Mona Lisa (feat. Kendrick Lamar),Lil Wayne,True,,,,,,,,,,,,,
Love The Way You Lie,Eminem,True,,,,,,,,,,,,,
Purple Pills,D12,True,,,,,,,,,,,,,
My Band,D12,True,,,,,,,,,,,,,
Drop It Like It's Hot,Snoop Dogg,True,,,,,,,,,,,,,
Christmas Alphabet,Dickie Valentine,True,,,,,,,,,,,,,
