track_id,track_name,track_popularity,artist_id,artist_name,artist_popularity,artist_followers
4ivJ1KEoJ6S93JbSWvOME1,There Was This Girl,0,2QMsj4XJ7ne2hojxt6v5eb,Riley Green,66,488675
4Li2WHPkuyCdtmokzW2007,Ni**as In Paris,84,3nFkdlSjzX9mRTtwJOzDYB,JAY-Z,83,7774318
62GYoGszQfROZswLee6W3O,Give Me the Night,64,4N8BwYTEC6XqykGvXXlmfv,George Benson,63,656715
0sGNcx6lfc3zrbiIOxY4vb,"My Heart Will Go On (Love Theme from ""Titanic"")",0,4S9EykWXhStSc15wEx8QFK,Céline Dion,73,6781743
1wE2PyYEgRFJvhW5fRXNU0,Boogie Oogie Oogie (Re-Recorded / Remastered),0,1ii6e2pv8VIRwnTER71rMl,A Taste Of Honey,44,25613
4nng7Lqev7EkVsYyrZavK2,On The Rooftop / What's a Kiss / Perturbed Pixie,28,497FibW7265st1H0UfpGb2,Oliver Wallace,39,12365
27Uz9gSMNzDRhwtgUvy5V8,Talent Goes By,0,28Ky95tmlHktB96DBUoB0g,Tristam,52,215024
7ImGFwpCuTLxsK9QvfMwcX,Sleepless,0,6nxWCVXbOlEVRexSbLsTer,Flume,71,2327954
53h5MHVgsbvlV8AJxr6qvi,The Guillotine,0,5ojhEavq6altxW8fWIlLum,Escape the Fate,60,1161605
3HKV2xAAQjNbYh8PMBgG60,Grown Ocean,0,4EVpmkEwrLYEg6jIsiPMIb,Fleet Foxes,64,1238838
4hXqWYGyJYHrGawZOK8Rqq,Wake Up,40,0T7JQxpy1Li93vLNirbv0Z,Mad Season,49,514049
1tZUtINxsoulQq8SqB4eIY,Alive - Live Version,0,1w5Kfo2jwwIPruYS2UWh56,Pearl Jam,73,7858934
6gnvB7ejTWObv3d2xdCaL4,Sunshine,47,64tNsm6TnZe2zpcMVMOoHL,Alice In Chains,70,4227087
3sz2fvkHUhBip8r9i8HqeV,Down For Me (feat. 24hrs),51,02kJSzxNuaWGqwubyUba0Z,G-Eazy,74,5111661
2wC0qK8JN6gblb0ZJzE2d9,Hell Is Round The Corner,55,6hhA8TKRNryM8FNzqCqdDO,Tricky,51,432508
6mPpHS9ocuKjsehu8NgD7r,When My Time Comes,36,0CDUUM6KNRvgBFYIbWxJwV,Dawes,49,233477
7jJsme36M90Cn6aYYC2l3t,Talk Is Cheap,52,6UcJxoeHWWWyT5HZP064om,Chet Faker,62,311577
7nAvryV9PVCt9PQGPx7I0z,Si Nos Dejan - En Vivo,63,2nszmSgqreHSdJA3zWPyrW,Luis Miguel,80,10940831
0eJmAJs8cI4icg9HkXp8uO,Un Bel Di Vedremo - Madame Butterfly,0,0bjdfjE8XbLa2Odstu6E1E,Maria Callas,49,273690
2PGaYCles9SXXCjYOcjyfk,Too Much To Think,41,41Q0HrwWBtuUkJc7C1Rp6K,311,60,889759
2V8KvnD5LVeeDChMWEkSzC,Nothin' But A Good Time - Remastered 2006,67,1fBCIkoPOPCDLUxGuWNvyo,Poison,62,2853275
4GSlBRkmh4g14BI2fzKplm,Up Around The Bend,0,3IYUhFvPQItj6xySrBmZkd,Creedence Clearwater Revival,77,5411670
5l91KHr9uF8wdSdtRoZba8,Wicked Game - Remastered,61,7290H8m1Dwt8G7jm1y9CQx,Chris Isaak,63,369022
3HmqMxyzr5HINBEilIEhgq,There's a World,0,42dPCbQ02s8peUgGMCdwLK,J. Robert Spencer,34,1960
5hv62GMAL6TKNarw8K3H3E,Once We Were Kings,0,3PhoLpVuITZKcymswpck5b,Elton John,84,10461440
7wFo3ytFTt0NALseyH72iJ,Shiksa Goddess,0,5ol7Hq695R9m2bT9T3FiQx,Jason Robert Brown,31,21271
2bDunHjV28TgsdrteQ18sY,The Onion Song,0,3koiLjNrgRTNbOwViDipeA,Marvin Gaye,72,4774087
1G2Ya2ubnlS7xFfs1CfY3j,Made to Love,47,5y2Xq6xcjJb2jVM54GHK3t,John Legend,77,6311563
0DcrhZ12WcCqruCs8ibXSf,I Can See Clearly Now - Edit,69,0nAVvgfE9yI4DwvMiYwk8a,Johnny Nash,55,45996
6oIvt9rWlSNCJcO2QevCs3,One Thousand Suns,25,5GxyeQagayzZOg4UwffQlD,Chicane,56,141647
2inSaXfDWLkOfwYPZItoBw,Short Change Hero,0,0bZCak2tcRMY1dzEIuwF42,The Heavy,57,401468
6urjT2UUnX83D8CDOPfux3,Icky Thump,0,4F84IBURUo98rz4r61KF70,The White Stripes,70,2755539
1UMfD9AXeunpbd2TKEtuY9,Satellite,0,6Wr3hh341P84m3EI8qdn9O,Rise Against,70,2553627
1FqY5exyCvC8DTM1SyqTV5,By Your Hand,0,6FlOCziOXI157pvUREAh3E,Los Campesinos!,50,141380
5ifd93AA1pe5caxpVzZ7PA,Cut My Wings,0,6OVkHZQP8QoBYqr1ejCGDv,Seasick Steve,42,197703
2JcqM9s6SYYUiCj6VKGcmK,From Four ´Til Late,0,0f8MDDzIc6M4uH1xH0o0gy,Robert Johnson,44,524531
0CF1X2oxbHWyFNPG2CPeNX,Hummingbird,45,5xLSa7l4IV1gsQfhAMvl0U,B.B. King,61,2484777
0u6Quwu7pe0lxJJPsRe4Mf,"One Bourbon, One Scotch, One Beer",0,4n31svBA9GGIYxGxgrQaRK,George Thorogood & The Destroyers,58,778472
5BGHmRB5fHPGS7nRImMxrn,Let Me Go - 12'' Extended Version,0,5PYuBRQMHh7nWmdV076sH9,Heaven 17,44,219228
0hhikHUpfUlMBRD2gSf0mu,Going Underground,31,2P560DaOMNDUACoH8ZhOCR,The Jam,58,657039
2c1j6CEBnao9e4dhlYYXvR,"Play To Win - 12"" Version",4,5PYuBRQMHh7nWmdV076sH9,Heaven 17,44,219228
1yAsD59INP2lOaZTuQect4,Dang If We Didn't,43,1nivFfWu6oXBFDNyVfFU5x,The Cadillac Three,56,155987
6aUhfNWYnMThF3TGtuYUUu,How Country Feels,67,56x8mYvS3cyDGAi8N2FxbB,Randy Houser,60,940696
1Q39sh2p1QxXbQefT51ZoD,Why Did You Do It,0,61oNrjLV0SUliHTOXUgCXg,Stretch,38,7657
0z99R9b0IwRkw9lmz9bUHo,It's Gonna Be Great,38,3OIPwMAZipDCLQwHmxS5EG,Jim Cummings,53,13616
7bSIUczPXIYVhDRaZ8KLOE,"Whiteout - From ""Frozen""/Score",40,1GjWNGbMtHDQ7CNYf2d7cw,Christophe Beck,56,24841
5DSvidUrvXNyBf0SbAYAPb,What Did I Do?,0,0LsO2x5E0KNdMxkWh0EmE0,Kele,39,37803
3WS7spXVlbeC5kjePmHMQW,Finally Moving,55,4iVhFmG8YCCEHANGeUUS9q,Pretty Lights,49,552478
2d1D1E8M48hHE99u6BO8RN,That Green Gentleman (Things Have Changed),50,20JZFwl6HVl6yg8a4H3ZqK,Panic! At The Disco,77,11541794
3wsdILjNhvzjVQEZSZGA4Z,Not The Sun,20,168dgYui7ExaU612eooDF1,Brand New,57,677343
0sp00HSXkQyqTa6QqM0O8V,Leave Out All The Rest,69,6XyY86QOPPrYVGvF9ch6wz,Linkin Park,82,22125750
1x8nc4Bez7B48aTqB8cjWs,All My Rage,0,7B2edU3Q7btJoNsoHCNohM,Laura Marling,55,469909
3OgFDe00n9f7PZ8gel5Pfd,"Known, Seen, Judged",0,5OzARx9rLQW5jurYNJ62L0,Torpus & the Art Directors,11,3340
5VWomqQEgYN0WTdtY22l5c,Desperation Breeds ...,0,4uSftVc3FPWe6RJuMZNEe9,Andrew Bird,57,535581
40yJGQyEaBbIkXpwMFkXip,One Night,66,6icQOAFXDZKsumw3YXyusw,Lil Yachty,77,8505829
08Erw82oA0xZUnSMOxNvN7,We Were Gods (feat. Urban Cone & Lucas Nord) - Radio Edit,19,15xvsJMf8phaNa1LYvL9Qv,John Dahlbäck,48,117124
0ylG2WfWo7GAeLT5HS2RWd,Paso (The Nini Anthem) - Radio Edit,29,15jrieCvf3EklAScnD9kKl,Sak Noel,54,133794
4WZMggnO37eRLo58CyOC4p,The Good Side,0,3WGpXCj9YhhfX11TToZcXP,Troye Sivan,75,7320620
0xVU3b2ZWl8cq8QuZ6oYPl,French Navy,0,5gInJ5P5gQnOKPM3SUEVFt,Camera Obscura,44,162196
0LcIA65BwIQ2lckGopg2JU,Nobody Cares Like Me,0,3mbE8KcHOtqusTu843P6Am,Joe Stilgoe,32,2514
7dZCJoqQhSMmbTUDqrdPfG,가슴아 심장아,0,6Jn7bm2F9iPIJhn41fjiRG,BoM,2,480
4dmAa1buO5Oemq6CMhkJpv,대마왕,0,5WUtamNqBWjmk0uzIKdANT,더더 밴드(TheThE Band),0,31
2SSYqDX8KTgy01NlqtUo0F,Ya Me Enteré (feat. Nicky Jam) - Urban Version,57,0vR2qb8m9WHeZ5ByCbimq2,Reik,79,7783736
5omgFpiMt1CGHjQGfkwzvz,Agua,68,5B6H1Dq77AV1LZWrbNsuH5,Jarabe De Palo,67,1396415
4gxSmpz9WPm9TsNSLSdTKz,La traviata: Act II: Di Violetta! Perché son io commosso!,3,1JOQXgYdQV2yfrhewqx96o,Giuseppe Verdi,61,559830
6kX6dQ4FWeZMlueEv4aHKN,It's Now or Never,0,43ZHCT0cAZBISjO8DG9PnE,Elvis Presley,80,7495646
6tp0eVhr6SI7FWPJasG86O,There Goes My Baby,0,23zg3TcAtWQy7J6upgbUnj,Usher,78,10128610
0DpB5MjcBjiuib1YoqFDTI,Song of Forgetting,0,64sJUOKAnROFdxjvpGxvl5,Jennifer Damiano,36,3383
5PiMzitNSsfRUn2BEmb98H,One Night Only - Disco Version,43,6vWDO969PvNqNYHIOW5v0m,Beyoncé,86,32772772
0XEPOLm3dtkO14U0SzA2eY,Everything Else,0,64sJUOKAnROFdxjvpGxvl5,Jennifer Damiano,36,3383
0BH7jscH1nJEYCvUprpdaW,I'm Gonna Wash That Man Right Outa My Hair,31,7hb3ZNPr7nR8AaSEw4Rf2S,Nellie Forbush,24,546
3t5kEB7QZaGHCdJMFHZPGA,Over The Rainbow (re-mastered),0,0hItVPjwJLVZrFqOyIsxPf,Judy Garland,58,217176
6aTVmTpgPmsg7aqs402iHj,I Was Made To Love Her,0,7guDJrEfX3qb6FEbdPA5qi,Stevie Wonder,75,5879466
1fc9mD9pM8YOqvsSnxZZCk,Sometimes - Mix #9,24,7IfculRW2WXyzNQ8djX8WX,Erykah Badu,65,2495527
1yPWD2ZQ8kLPYJtuIWHpa6,I Forgot To Be Your Lover,0,0mFoqJiNDtYntypvy6roGR,William Bell,45,60177
6yIMatK8OCXC3GuIlwHxuM,Jump Right In,0,6yJCxee7QumYr820xdIsjo,Zac Brown Band,71,3357416
5uxYTDNKEOxcrlWyuMNjaM,DotA - Radio Edit,53,37DdwREpvvQHmGLFEZ4h0Q,Basshunter,59,433781
5hFfluzwZjZYvWrORJAIhz,Hope,0,1rSGNXhhYuWoq9BEz5DZGO,ARTY,61,177297
39hD71S0atSZCH5S5yeuP7,Stresstest - John Askew Remix,9,6H2JQ8igAAa5UBr2u496mb,John O'Callaghan,45,97935
3snYjsLrYc0tqj2jyHAE3t,Requiem For A Dream (Leama's Dream Mix),0,2HS3TdayGQy271LnzJUmeB,Leama,13,600
5pFwZgy96VuPZmqdX0Yzzi,Howlin' For My Darlin',0,0Wxy5Qka8BN9crcFkiAxSR,Howlin' Wolf,51,466649
1y6KBuPwQFqPuXj4iin6kv,Try (Just a Little Bit Harder),44,4NgfOZCL9Ml67xzM0xzIvC,Janis Joplin,61,2952929
2SsLNkMLIuLhZQJykJw60B,Tired of Waiting for You,0,1SQRv42e4PjEYfPhS0Tk9E,The Kinks,65,2263102
3MCuDi4gQrf7Xms8lTpTAx,Don't Go Away,56,2DaxqgrOhkeH0fpeiQq2f4,Oasis,75,7964681
1G60o2g78glgxC0No8SsvQ,When You Say Nothing at All,59,0bc7dhY6YXL35m1G0jVwuW,Keith Whitley,56,369172
7fRruZ12gXGwBs0zXQ6e5V,Babe,61,0hYxQe3AK5jBPCr5MumLHD,Sugarland,57,1768748
6Lphpr9Z6H282Sguw0dUWa,Le Freak - Edit,60,0Xf8oDAJYd2D0k3NLI19OV,CHIC,59,625314
5QVdcoYVUHU143cTfgmULG,A Night To Remember,37,3REpOYo13YkVj1dFzda12A,Shalamar,51,375395
3cgnaW34QpP1Y8Wvoz4D56,Circle Of Life,0,478Cvh1XjJiURpkqbM23SV,Tsidii Le Loka,38,2275
4z4heV3sNoxTdmbLrDRMti,Timestretch (West Coast Lo Fi Remix),0,1JPy5PsJtkhftfdr6saN2i,Bassnectar,53,609167
3YyEzMan7AvvJhNJj6kdzi,The Blank,19,4P81VkbUxQrMmNwYnzliqJ,Skism,28,87457
7irNlzUSPNgCDtEyQuS3lm,Arena - Remixed by The Japanese Popstars,31,4tZwfgrHOc3mvqYlEYSvVi,Daft Punk,80,9029109
5ozIJrlaCAf3g8MMyot483,After the Moment,0,16lg8y62dC3J6ok1pNAbFJ,Craft Spells,43,125351
1Y5F5EoRUWcOCOHJ9lURol,Escape Artists Never Die,15,4AbDWrmJPSOeIbT2Ou60ik,Funeral For A Friend,44,214608
0wkuK3IcNgVBs3s7wrnf0L,"If Your Song Title Has the Word ""Beach"" In It, I'm Not Listening to It.",0,2OUGTXNFUe4WwC4CWpvIal,Dads,27,34727
3pBMSAutzmNR2ENpkhlFPg,Fall,0,71h7GTahhKcSkQ1ayhTvOD,Something Corporate,45,161822
512FKDQnlMSUATVWAoW6f4,The Dreamer,0,2BpAc5eK7Rz5GAwSp9UYXa,The Tallest Man On Earth,53,622034
0G6qDSSFmjzb9N0PK8PjGm,Off He Goes,51,1w5Kfo2jwwIPruYS2UWh56,Pearl Jam,73,7858934
58BsYHaWdK78SIZMWztmC3,Bone Machine,0,6zvul52xwTWzilBZl6BUbT,Pixies,70,2353614
48tsoofzDrRwNBl2IXZ3NE,Wash,0,1w5Kfo2jwwIPruYS2UWh56,Pearl Jam,73,7858934
3o8efKGjIewT6h0kpBv7WA,Aneurysm,34,6olE6TJLqED3rqDCT0FyPh,Nirvana,80,16361694
5vxII6AxXbPsAJE5dAdBo9,Rather Unique,47,7HqrSDuI9lHuH1CDismTFg,AZ,56,318649
4hieclGAWyHDZdRgREPMDs,Right Now - Dyro Radio Edit,0,5pKCCKE2ajJHZ9KAiaK11H,Rihanna,89,51162263
60UhMn6L4EEegpdq705MsI,One Last Ride - Tommy Trash Remix,4,15xvsJMf8phaNa1LYvL9Qv,John Dahlbäck,48,117124
3fnL2JDgy4QD04araOl0eY,Androgynous,50,4WPY0N74T3KUja57xMQTZ3,The Replacements,51,251099
1rk9eGO7AkPX1oafUuOnGs,Blue Ridge Mountains,49,4EVpmkEwrLYEg6jIsiPMIb,Fleet Foxes,64,1238838
7wt6xHEIxuKlqCq2YurOLO,Es Demasiado Tarde - Remasterizado,59,41ESHLayJ5sDKjAOv6cMhe,Ana Gabriel,70,3353187
3AEZUABDXNtecAOSC1qTfo,Reggaetón Lento (Bailemos),72,0eecdvMrqBftK0M1VKhaF4,CNCO,69,9330821
0HHTBFIvSnBIr5Xwttw9Ge,Aquí Estaré,40,51XrH5fQP2oIQynuKxSWcW,Sky Rompiendo,64,50148
08OjaQhrAR92Fq5GqAUdQ1,"Bizet: Carmen, Act 1: ""Parle-moi de ma mère!"" (José, Micaela)",19,2D7RkvtKKb6E5UmbjQM1Jd,Georges Bizet,58,220643
32lmL4vQAAotg6MrJnhlQZ,Work,0,5pKCCKE2ajJHZ9KAiaK11H,Rihanna,89,51162263
5jzKL4BDMClWqRguW5qZvh,Teenage Dream,72,6jJ0s89eD6GaHleKKya26X,Katy Perry,84,23652014
16gpk3oHK8Ela7QbRNGjJd,Hypnotize,54,5eAWCfyUhZtHHtBdNk56l1,System Of A Down,78,8554223
6EhFIFUF9DBtsG2Ws7XUKe,Hotter Than Hell,0,07XSN3sPlIlB2L2XNcTwJw,KISS,72,7847311
2j6rzn9BCjGE7bC6nfXMdT,Loud,42,7paFidVdtsmKlLtHiLZu41,Matilda the Musical Original Cast,48,64634
6uvV1x0xnLFP6kGRghxeOq,Written In The Stars,33,0bvwPCit9Yh0yVdLKGnXRi,Adam Pascal,49,16666
0xyGX68mLvq2zQgl85KiRl,Valjean Arrested/Valjean Forgiven,0,2EnzSSPMaRMJRQod7erlhW,Alain Boublil,24,1542
5YzzqZxDintLqLyBVXSuUM,Keep On Pushing - Single Version,0,1b1N51wmSK0ckxFAMPSSHO,The Impressions,49,244439
7a7drPRRR0mY7kOJDvDWjq,Take Me To The River,0,3dkbV4qihUeMsqN4vBGg93,Al Green,64,1719744
0aDDH0LeBJmf6PIhEuMOy1,Could Have Been,0,3MAzDpqE01xyUmzNsc0Ee0,Lee Fields,50,35133
0HnaqUxvHP5LaWdmWwJpiS,Love Somebody,59,04gDigrS5kc9YWfZHwBETP,Maroon 5,85,38716706
04cxAqa9ZgLwvEskosNVsB,XO,51,6vWDO969PvNqNYHIOW5v0m,Beyoncé,86,32772772
1rfEe9q2cY71fLovuydnW5,Faxing Berlin,0,2CIMQHirSU0MQqyYHq0eOx,deadmau5,67,2757451
1BeEtg0btEj5DENMqIT51n,Infinity,0,7tL5UmgvPx6TqKyf0Sjjw6,Marek Hemmann,43,134995
4Mnhc64zO9Tt2jWjBrSA2K,A Summer Song,0,1HzpwUIkmmlGCNuoOcXiIW,Conner Youngblood,30,24237
4RvjBcCzE0Locnni5pBOzZ,Born Under A Bad Sign,10,74oJ4qxwOZvX6oSsu1DGnw,Cream,61,2043391
41PiyIwNrzoLn598y2glGY,Save You Tonight,53,4AK6F7OLvEQ5QYCBNiQWHq,One Direction,84,28271703
6VzfdkKU7J6ideJPwVJnAN,"If You Leave - From ""Pretty In Pink""",38,7wJ9NwdRWtN92NunmXuwBk,Orchestral Manoeuvres In The Dark,59,656019
69h2mpzNUmdEg5egeNa1ki,Henrietta,57,3M4ThdJR28z9eSMcQHAZ5G,The Fratellis,60,772781
1Kvjmr2oqZjzhryoEKzqij,"Paint It, Black",1,22bE4uQ6baNwSHPVcDxLCe,The Rolling Stones,77,12348016
1dQBuZ7dtlB2PwTCMW4VJd,Hit You Where It Hurts,31,0cshCXEe1I7wlRwdrL91ZQ,William Clark Green,49,84507
6glrhL1gCPnBTFydcsHhmS,Unbelievable,24,0svyIX7Xu3DVMkrOtB88i6,Diamond Rio,54,836604
5OusUgzHz6Ulb3GZT7WUo5,Watching You,66,2qgvmDsc4jrqbAbjq1HGM2,Rodney Atkins,60,1800884
20vIaD2DFOxGqDvN0dlMEH,The Ones That Didn’t Make It Back Home,0,30e8DmahrEamvLbFRPdWmk,Justin Moore,63,1639177
70q7yWk7Bt5zZP57u9MdCY,Electric,0,1BQ5NhlyhxAO1CdRYGHmQe,Husky,34,3142
62pIfDe2RdhUfYmRWdo9ZJ,Tacatà - Radio Edit,47,44Qx9J57sKKNFIASxM4dWh,Tacabro,46,339286
5Z9iYd55FHNUeIIvUxXHZ8,This Is Where I Belong - Soundtrack Version,0,3Z02hBLubJxuFJfhacLSDc,Bryan Adams,74,2850003
33riuTg9aVoiRhHTqm2Qq8,The Ellie Badge,59,4kLvhMAuCloLxoP1aVM7Lr,Michael Giacchino,64,281917
5wzF54886ZLxexpY6h1VhU,When Can I See You Again?,37,07QEuhtrNmmZ0zEcqE9SF6,Owl City,68,2283004
30hBl3W6k0GL7LLjzwR56l,"What a Day!/Breakfast at Tony's - From ""Lady and the Tramp""/Score",30,497FibW7265st1H0UfpGb2,Oliver Wallace,39,12365
49OEaKOzIgXfOD55bSGSeG,"Prologue - From ""Tangled""/Score",41,5BuTOT6mPoNZ5EmaPheBI9,Donna Murphy,50,7336
3uVkugZz6yCTw5Z8sDI19F,"A Dream Is a Wish Your Heart Makes - From ""Cinderella""/Soundtrack Version",46,4DovRSplr3yJIeE3r0RtHj,Ilene Woods,48,23629
0v8vhbyXta8jlRaR9jMo93,City 2 City (feat. Belle Humble),0,0ycHhPwPvoaO4VGzmMnXGq,Zomboy,52,770773
1Gr0kUpBPODDIOOAJEulzK,Silent Shadows,13,1l2ekx5skC4gJH8djERwh1,Don Diablo,66,1797003
5FsvLWsBdalANYTI0kp76a,Jesus in the Courtyard,0,0erhjm5MwzWpFRFuorXLT2,King Dude,39,57305
5B4uuDiYiFwjDmfbmJNA3B,667,0,5xUf6j4upBrXZPg6AI4MRK,Soundgarden,66,3754907
19I8pQfKhl88WAh8gkIvPh,Half,0,5xUf6j4upBrXZPg6AI4MRK,Soundgarden,66,3754907
6o9SG7Z9yz0OD4JRQaqyQO,Jellybelly - Remastered 2012,0,40Yq4vzPs9VNUrIBG5Jr2i,The Smashing Pumpkins,71,4202480
6ILpnOUHollfHp4xWH7nqV,Happy Hour,46,3jOstUTkEu2JkjvRdBA5Gu,Weezer,72,2935549
2n0qwCZzpU5aoDZr1mUXY6,La Donna E Mobile - Rigoletto,0,1JOQXgYdQV2yfrhewqx96o,Giuseppe Verdi,61,559830
3D0u26HMHZLIgyMFswGxij,"Turandot (2008 Digital Remaster), Act I: Guardalo, Pong!",1,0OzxPXyowUEQ532c9AmHUR,Giacomo Puccini,60,393189
4fwbGKNExPtPHbor1TBSY4,Unconditionally,61,6jJ0s89eD6GaHleKKya26X,Katy Perry,84,23652014
0qvzXomUDJVaUboy2wMfiS,This Town,79,1Hsdzj7Dlq2I7tHP7501T4,Niall Horan,75,8979733
1JLn8RhQzHz3qDqsChcmBl,I Want to Know What Love Is - 1999 Remaster,78,6IRouO5mvvfcyxtPDKMYFN,Foreigner,68,2608477
3bN4tg6rnNPy9GCkGhym4T,Message In A Bottle - Remastered 2003,0,5NGO30tJxFlKixkPSgXcFE,The Police,74,5206183
2uxL6E8Yq0Psc1V9uBtC4F,Faint,55,6XyY86QOPPrYVGvF9ch6wz,Linkin Park,82,22125750
5XJJdNPkwmbUwE79gv0NxK,Gold Digger,0,5K4W6rqBFWDnAN6FQUkS6x,Kanye West,90,18755413
65nD11y4W6hXok6gmu2jNy,Mr. & Mrs. Smith (SMASH Cast Version) (feat. Megan Hilty & Will Chase),23,05tTO01wV9Y7U4U1B4xCBK,SMASH Cast,39,56748
2rkG8WvxaBVVYlUkyjIV4u,The Ceremony (Dju Vui Vai) - Original London Cast Recording/1989,0,2OqTX6uyzll0y3ydeccZGR,Claude-Michel Schönberg,35,5815
3hJEk4GfjmMM5kVB1DmhiD,Radames' Letter,24,0bvwPCit9Yh0yVdLKGnXRi,Adam Pascal,49,16666
3uMigZrW9l9De8roOy6CAn,Fistful of Tears,48,2AOt5htsbtyaHd5Eq3kl3j,Maxwell,57,1543624
09RS0QfhJVmx1zwwEGtMQu,Everything Is Everything,0,2Mu5NfyYm8n5iTomuKAEHl,Ms. Lauryn Hill,70,2298211
1QYVPr5QVAYaZfK05OyqtB,Made In The USA,0,6S2OmqARrzebs0tKUEyXyp,Demi Lovato,79,23654521
5E1UIRcuHd7Rr7PYbQSEOu,Set Me on Fire,42,7MqnCTCAX6SsIYYdJCQj9B,Pendulum,59,869278
6GAp8kyxBdSF6BYbgByAhh,Again And Again - Radio Edit,33,2BJTwV4IpFe2gWL46KKlji,Basto,42,83633
2GpcNCNaQHCFnbx7EfU5Tp,As We Collide - Orjan Nilsen Remix,16,1hu8RDN5gKsi2YYvWTOAqY,Christian Burns,41,9422
6fbOMJtnh4zHBSIZOlE8ey,Love Stimulation - Vincenzo Remix,0,4XS20v9WPvT0OnCtIiC79Q,Humate,24,3723
1iSvI4oQi3Ao2kSevzprDY,Bridge Of Sighs - 2007 Remastered Version,0,0MAvx5yzdhylg2ztJC3MD3,Robin Trower,43,212192
2gkEufrsoGisa7p4rh6K22,Really,34,0yT9vbP1EOnCpl2McnF9nH,Mike Bloomfield,38,79675
0jgBOPR2oAgdGPXI5skx5Y,All Night Long,0,03HEHGJoLPdARs4nrtUidr,Junior Kimbrough,40,60846
3xYMN0fbQkyJfofjsufO7b,Shapes Of Things,0,2lxX1ivRYp26soIavdG9bX,The Yardbirds,48,845142
2TIEeLrOQrGnO2D2OeDDJu,Time Marches On,65,2BQVRw9md4UKcGUrDXABCD,Tracy Lawrence,57,933543
3T464XTWhUufkT7hMAdcW3,Hakuna Matata,0,4spPb2PMiUfZ6xyevJoHty,Marc Pociello,34,900
6ekLvZHwq18PNqv3fdVZUx,The Silly Song (The Dwarfs' Yodel Song) - Soundtrack,0,6AbQqiXLNLzvJSqq2383bZ,Adriana Caselotti,41,7868
1j65fcDYcueGaSpHN7oCUN,Pick Your Poison feat. Kay,0,5fMUXHkw8R8eOP2RNVYEZX,Diplo,78,2511720
6eNYsU7sfgxQHTvILQxbce,Eyes Be Closed,0,5juOkIIy18sFw9L30syt1Z,Washed Out,53,466568
5brviRvO3ZIDvdF0dED9wC,Bad Wings,44,3a9qv6NLHnsVxJUtKOMHvD,The Glitch Mob,61,542752
0jrq4CJ3WT8mjcFKeDK4yL,The Greeks,0,148ujrGRexnhpqhRiw0rDi,IS TROPICAL,34,43047
3X225uQYwS34nSyki1MF7o,Tautou,0,168dgYui7ExaU612eooDF1,Brand New,57,677343
48BiMNZWtfSBmVDH3M4lrX,B Is For Bethlehem,0,5li5GfWFVl73vu7r2bGitu,The Promise Ring,33,46748
2OYTFaOB4D1bWLXaT5mrfH,I Swear This Time I Mean It,46,3WfJ1OtrWI7RViX9DMyEGy,Mayday Parade,60,1313146
5johpJIVjqU2Ki03DOA7Jr,About a Girl,56,3jwm6OBdUY5xzFiFIPhMHu,The Academy Is...,44,196052
2VWCwejxrR2RVdgaHP5Jm4,Out of Reach,0,54Bjxn26WsjfslQbNVtSCm,The Get Up Kids,40,125134
5BgnPaqCgFkm1W17NvVZiQ,Winter Winds,0,3gd8FJtBJtkRxdfbTu19U2,Mumford & Sons,71,6386564
0mWiuXuLAJ3Brin3Or2x6v,Learn to Fly,55,7jy3rLJdDQY21OgRLCZ9sD,Foo Fighters,76,10391287
4IdAIZRVkwuQQnHpi529cn,No Longer Friends,53,2EMAnMvWE2eb56ToJVfCWs,Bryson Tiller,78,6208565
0cDtZgxBNJBmupoz5v84V6,In The Horizon - Radio Edit,13,7I4Qxt1m4cNYYqlryDrfw7,Marcus Maison,36,3638
70H8KRBMZfiBeHHW1cWYvp,Welcome To The Jungle - Original Mix,18,20mCdWSz6PqFQof9gFFJ1r,Alvaro,37,92586
0MnrspAjjyHeHBdt2ElUCZ,우리 결혼까지 하자,0,6MJCgDOw7EfTJJtKPHXAcD,5tion,6,1630
6jly2CevRmnMbmU2R1cm1e,Sobre las Olas,0,2AiZXMqpVlCDnz3trZbWaK,The Latin Brothers,49,184468
1klko8JI0wu2TnCSKyjEzR,Vale La Pena,40,6AcOTCYBMvjKYy4zms0kaC,Banda El Recodo,71,3233821
4qAknKWl2aMvWn4r1nzWAa,Vivir Lo Nuestro,56,3NIZFmehJM8YiGpCdihlck,LA INDIA,57,824473
5mIScsvioA0pCWxRnrgboc,"Carmen, Act II, No.17 Duo (continued...): Au quartier! pour l'appel (Carmen/Don José)",0,5pLMWE1tVs9C7F9Qqauo44,Angela Gheorghiu,41,29502
3eklohjSgsDOFPnOb6T0s6,"Leoncavallo: Pagliacci, Act 2 Scene 2: ""O Colombina, il tenero"" (Arlecchino, Colombina)",1,72auy9NefUbGecYVrTiPzq,Ruggero Leoncavallo,39,9016
3lAun9V0YdTlCSIEXPvfsY,La Vie en rose,61,1WPcVNert9hn7mHsPKDn7j,Édith Piaf,59,951765
4oDZ5L8izBals6jKBJDBcX,Your Love,76,1zxDewzd2j1ZdSBGaYcr0y,The Outfield,64,512235
3jJ5NJ3aNWvV70Rd7hgZIH,Gotta Be You,62,4AK6F7OLvEQ5QYCBNiQWHq,One Direction,84,28271703
3rR0XoCFCtPkGr1SOJGABW,I'll Be - 45 Version,34,0L6Gwm0JDrgIQJfjarWSUR,Edwin McCain,52,290333
2RPNCUaDL2ixoY9wGpoJoQ,Unconditionally,0,6jJ0s89eD6GaHleKKya26X,Katy Perry,84,23652014
4pqqdOdtBD1D6BiMnBxZ5V,Paciencia y Fe (Patience and Faith),0,6BrRyZRuy3RTzJjAXTc7Ts,In The Heights (Original Cast Recording),0,12319
5WTm2HOC7Sbhl2wFsD1uJx,ABC Café / Red & Black,25,4EJP6Qhk6l18LumCcpEfLw,Eddie Redmayne,47,38554
1klqBqLXdUN6ilIhtOAYtm,(I Can't Get No) Satisfaction,39,60df5JBRRPcnSpsIMxxwQm,Otis Redding,69,2009315
3LmpQiFNgFCnvAnhhvKUyI,Stayin' Alive - Remastered Version,0,1LZEQNv7sE11VDY3SdxQeN,Bee Gees,75,6232671
7BWfY5ZVcGn2veCu3MVZNH,Good Times,0,6hnWRPzGGKiapVX1UCdEAC,Sam Cooke,66,1416858
5ZbY8J67Qsv6Kko2tZOf5Z,Feel Like Makin' Love,0,336vr2M3Va0FjyvB55lJEd,D'Angelo,60,1140416
0dvRo9gzZIkD4yeKsdZki8,Legions - Extended Mix,5,1YuNQvsvOsMBm0ahbxB8qM,Orjan Nilsen,46,142667
7uEz7Zy8KupibctjrSqnDk,Beginners,12,75Kh0eqgzo9f43Dan1JzSV,Slow Club,34,57242
3zZXYIdKiq0hjMWQ3oYMdC,The Red Rooster,0,0Wxy5Qka8BN9crcFkiAxSR,Howlin' Wolf,51,466649
3N5vhc2z3XVsTO7Zd8jdMI,Just,0,4Z8W4fKeB5YxbusRsdQVPb,Radiohead,79,7580161
6HLciiLMPssno4lT4gbObT,Love Your Love The Most,0,2IvkS5MXK0vPGnwyJsrEyV,Eric Church,70,3576993
6BkK5Dsu1kTne7Cn6EyYex,Why Not Me,63,7MSTO40bsb3DOJQT6xLsIc,The Judds,56,637178
4lcXNTm9JrQpJYXqsENmFI,Redneck Crazy,58,3vHV92ecrylnUHDM4d2MtC,Tyler Farr,50,687997
4WtkYdCG4n80h08Ep5SmDI,I Met a Girl,50,03tfKFHhDoDqF73vCI3cxn,William Michael Morgan,37,35823
6QCsf5lMsVBDNHADT6h6I3,Mikrofonkåt,0,6VX2R9L0O0d6qPvqGuIH7b,September,54,113275
5U5ImHZbfNoauvgsyO7mDJ,Last Dance,0,2eogQKWWoohI3BSnoG7E2U,Donna Summer,63,1629643
4gDQktCvIfPqo18AdHmkR4,Lipstick - Radio Edit,35,3WmFNCPmnVuZbVMeExH8hT,Jedward,29,34155
1XjPTbOPJvd2zYbaSyHQlM,"Hail to the Princess Aurora - From ""Sleeping Beauty""/Soundtrack Version",30,1c4ltuRXEIo20Y9UOPxiA0,Chorus - Sleeping Beauty,40,2313
5blG4FaC6QpG9VUhcVTtHm,"Mum Goes Wild - From ""Brave""/Score",25,1W42coQfIlt6btgqpfJWYQ,Patrick Doyle,56,74925
2GOptr36KLy91ssqNeB9iI,Let Go feat. Mimi Page - Kairo Kingdom Remix,21,3OzXO9bMqw6dwNmyJ25MY2,Kezwik,21,7824
0bHZT4xTDAXCUWIjcEjrGK,Upside Down (Bassnectar & Terravita Remix),0,1JPy5PsJtkhftfdr6saN2i,Bassnectar,53,609167
6L8w2R1XeGEWkJcy3lgEi0,Nightmare Adventures - Original Mix,22,5RBdF1pJSLF3ugc2Y2PoB8,Savant,42,163470
2aNyZbeTHirn7ToWq7IGym,Woo Boost,0,4BTcOR2hEQZQQL5AMo5u10,Rusko,45,283118
4SCt2d0kZk8VsbVa78otYR,Tetris,41,0tgjwsn1Lpjj8kKEvWm0KQ,Doctor P,46,235035
6b32MS6bkFRyvSovIqXrIT,A Decade Under The Influence,0,24XtlMhEMNdi822vi0MhY1,Taking Back Sunday,61,764443
4BVafpObsAeP2ZzrGhOBvq,Monotony,0,58CUVLn2xm7I9iFg97t9XC,Willis Earl Beal,24,23571
6M9vW8RKQTxj50QxHhPRGe,Bedouin Dress,0,4EVpmkEwrLYEg6jIsiPMIb,Fleet Foxes,64,1238838
5zOJf5G6Ze0lXoQ1IHU9oj,I Won't Be Found,0,2BpAc5eK7Rz5GAwSp9UYXa,The Tallest Man On Earth,53,622034
6o6XM9jgPHopOG6SMTyHoE,WIN,0,28ExwzUQsvgJooOI0X1mr3,Jay Rock,71,1321598
0HOqINudNgQFpg1le5Hnqe,Damn It Feels Good to Be a Gangsta,60,3f5fB1YUbkUnW7cf7I0R48,Geto Boys,54,694637
6pbNj2GFxGkBAnpg426pMT,XOXO - Original Mix,0,06cLuOP0p7VAnBnqil1eWX,Swanky Tunes,44,90414
36lfQVi6IdYnMx6JZ8H7z0,Just One Last Time (feat. Taped Rai) - Hard Rock Sofa Remix,24,1Cs0zKBU1kc0i8ypK3B9ai,David Guetta,88,25053090
3nt9gsABFst05WanSEsqH4,Open Your Heart - Original,0,1xNmvlEiICkRlRGqlNFZ43,Axwell,59,1558379
30wvVTkqA4Fp5ZCG0xGof7,Revival,0,38zTZcuN7nFvVJ6auhc6V3,Deerhunter,49,358600
4R5xvs5X0phd0EYWyGigju,Medicina,55,7FNnA9vBm6EKceENgCGRMb,Anitta,78,12408065
6XiSceaDaO2vaYF2B2A70t,No Me Hubiera Enamorado,67,3xNhaqwvNIAP57dWgMTP1d,Cornelio Vega y su Dinastia,58,2332503
32lm3769IRfcnrQV11LO4E,Bailando - Spanish Version,68,7qG3b048QCHVRO5Pv1T5lw,Enrique Iglesias,76,10994387
10pTpybgXsCl4vzsMNTqYR,La Traviata : Addio del passato,0,0bjdfjE8XbLa2Odstu6E1E,Maria Callas,49,273690
5YxDEnYhY66xS0bjYGAlJh,"Overture ""The Bartered Bride""",0,25Eab1kIY1gh0Yo1oV04G4,Bedřich Smetana,45,81405
412CkPtLh68KLPg0pLrC53,Gone (feat. Ty Dolla $ign),43,4D75GcNG95ebPtNvoNVXhz,Afrojack,72,3924305
6YEOmCsXSk9ZPE0FkcCiuQ,"Layla - Acoustic; Live at MTV Unplugged, Bray Film Studios, Windsor, England, UK, 1/16/1992; 1999 Remaster",39,6PAt558ZEZl0DmdXlnjMgD,Eric Clapton,70,5105679
6Mo2SAMVWRuZzlAunlrguj,We Don't Celebrate Sundays,0,57b3sKD9pGilMb2QlMqArq,Hardcore Superstar,45,106032
7LSGjWtza5Y8itm6Cpbj1s,Love Me Tender,44,43ZHCT0cAZBISjO8DG9PnE,Elvis Presley,80,7495646
6fOt552vV1FLlXAKcAKc5g,(I Just) Died In Your Arms,0,3cniTumSiUysiPWXapGx1i,Cutting Crew,60,341339
3VCWhe7AtBrkhour9t6dq6,You,59,4BYxqVkZyFjtik7crYLg5Q,Chris Young,66,2662044
4DzCxgZs2SGumnXdIsqXYR,Somewhere That's Green - Reprise,0,56E5XajgEQr7pQNK4C10RF,Soundtrack/Cast Album,40,18633
1yO3ZXl7THqawrCXWI7PKd,Find My Way/Finale,0,3HfGekNeA7D6kO5Yz1Pyjw,Original Cast Recording,32,24922
2RE8rBl5QfF1NA5aLc3dvA,Heart of Gold,0,462T0buQ5ScBUQCRpodDRf,Charles Bradley,57,437677
6wLr2oR8eqUG5Beleh2Crm,You Can Call Me Al,55,2CvCyf1gEVhI0mX6aFXmVI,Paul Simon,67,1974192
6aKK6PcNn828rCLsKx7F9E,This Light Between Us,22,0SfsnGyD8FpIN4U4WCkBZ5,Armin van Buuren,73,4136384
6mCjuQoeZolvsee8RDupvU,La Guitarra - Radio Edit,13,1YuNQvsvOsMBm0ahbxB8qM,Orjan Nilsen,46,142667
5JcT5RpW6Gw9xc4tLcWUfK,Come Back,21,5GxyeQagayzZOg4UwffQlD,Chicane,56,141647
6JbFEuvmos6OzEbIJlonRS,Sinful Nature,0,1ElioVXkBXbxZHPg1J4amN,Bear In Heaven,27,29077
5nZax8mmBCb4UYnW6ibvTb,"Lonely Stranger - Acoustic; Live at MTV Unplugged, Bray Film Studios, Windsor, England, UK, 1/16/1992; 2013 Remaster",28,6PAt558ZEZl0DmdXlnjMgD,Eric Clapton,70,5105679
6enPOmd3vSFpI4jjms8kXN,Runnin' Outta Moonlight,64,56x8mYvS3cyDGAi8N2FxbB,Randy Houser,60,940696
2rsJnvvqgdwooeLVNWVqsA,Stimulation,32,6nS5roXSAGhTGr34W6n7Et,Disclosure,72,2074276
7K0FdXdM3jP3h0jrN6yoyW,Radio Hardcore - Video Edit,29,5nkYRuiIHg2xXHFC8bfosJ,ItaloBrothers,62,397333
4nCKVeS3P17GflmYSno6N2,I Like How It Feels,0,7qG3b048QCHVRO5Pv1T5lw,Enrique Iglesias,76,10994387
0dQKabsoT9ojccQgVhLmHN,Legend of the Lamp,38,5sy77gt4bfsLcSQ8GIe4ZZ,Alan Menken,59,101554
4uhe82k6hi0xUxtc5HaMLi,Overture - Snow White - Score,0,7aXWrnm0b8kKzTTgzublaZ,Leigh Harline,34,2935
2K9if74JZbbDAOi9VJ8Hon,Chinter's Will (feat. Sara Kay),22,4HBMToZ4yMR07eiK9IxtjK,Klaypex,34,66208
3zzjrmaMjCok53AzFjtkWA,Solace One Ft. Black Sun Empire (Datsik Rmx),0,0sQ1wgSdRpoysgsa1VnI4G,Foreign Beggars,43,100099
7rMDJcIwnUQLpem0YxeFPm,Meant To Be,0,6YrvsECqRAIqgIvDvyIi5o,Nocturnal Sunshine,2,88
1g3N5uE9VqYz0iHwjqdv0t,Falling Up,0,5R3Hr2cnCCjt220Jmt2xLf,Dillon Francis,65,1109613
2jQLVNBnvrTbDi5KxT0COL,Turpentine Chaser,0,4ERtgeBbWRkFzIz6LaFCeY,Dashboard Confessional,56,557577
71UuxCsi9wb3LMJvEOhqOb,May You Never,0,3JulrApLVT81sb2HkfwMks,John Martyn,51,134175
3N91OKbIdD9Os2PKEOW9PE,Lost and Found,0,1UQRtt7eHW6Bt4INNTUtb3,Johnny Flynn,48,177135
2nS7ylh4VzSIv1ow1EkOjF,Curmudgeon - B-Side,0,6olE6TJLqED3rqDCT0FyPh,Nirvana,80,16361694
2KRwaNGO3rQR2FXTnyRSM1,Aye Davanita,0,1w5Kfo2jwwIPruYS2UWh56,Pearl Jam,73,7858934
3gNNXc7GUgKRPR15W77eDR,One Day / Reckoning Song (Wankelmut Remix) [Radio Edit],0,2TwepUY7feaTuipStcyzLZ,Asaf Avidan & the Mojos,1,379011
13gD7RyWE7ZOEoxfGAXm1B,Eat Sleep Rave Repeat - Calvin Harris Remix Edit,0,4Y7tXHSEejGu1vQ9bwDdXW,Fatboy Slim,62,1072186
4231ee4Nso0F37ZG7F0VjT,Bridge - Original Mix,0,4D75GcNG95ebPtNvoNVXhz,Afrojack,72,3924305
41vHI8VhfGSEJG8M3Uzpz9,New York To L.A. - Vocal Radio Edit,21,7rlfc7KeJxSw3P712ZIEe6,Felix Zaltaio,10,589
4equkWkj4HbZD3OXHhpdnH,City Music,0,6fxk3UXHTFYET8qCT9WlBF,Kevin Morby,52,257993
2uL5xDjTRmqxvtltCKnhxS,Blue Train Lines,13,3NUtpWpGDoffm3RCGhSHtl,Mount Kimbie,53,298033
3F3c7tCDlWHeb5r6uGcRRB,The Boys - Instrumental,0,0Sadg1vgvaPqGTOjxu0N6c,Girls' Generation,66,2289549
7C56XL0QS0PyeXFOb82BpY,Feeling,0,4Kxlr1PRlDKEB0ekOCyHgX,BIGBANG,64,4957316
1D1RkVL2f5sESADuBr2xRo,로맨스가 필요해,0,5WzWThZOaAxGBxWP3E0vxl,V.A,1,746
1m69ELEgE6k5ZWsap40ozt,Se Preparó,76,1i8SpTcr7yvPOmcqrbnVXY,Ozuna,88,34434651
2xOUYtoFgSBvRNu142BJRX,"La Bohème / Act 3: ""Mimì! - Speravo di trovarvi qui""",0,0OzxPXyowUEQ532c9AmHUR,Giacomo Puccini,60,393189
3AclCmFOMUd2MebCQoEZfp,I Need Your Love (feat. Ellie Goulding),21,7CajNmpbOovFoOoasH2HaY,Calvin Harris,83,22985542
33zcmmElV1YbRZe57biUjg,Celoso,66,6i3DxIlAqnDkwELLw4aVrx,Lele Pons,59,1216569
5n6RDaGFSN88oRWuGtYAIN,The Show Must Go On - Remastered 2011,68,1dfeR4HaWDbWqFHLkxsg1d,Queen,84,43838185
2Vim06YsRb4uJRpbeq6NR6,Hush - 1998 Remaster,58,568ZhdwyaiCyOGJRtNYhWf,Deep Purple,66,4762453
3G69vJMWsX6ZohTykad2AU,One,76,51Blml2LZPmy7TTiAg47vQ,U2,76,10420692
7zvpK2YrJx4sFmW9n2WqF5,Baby Doll - Single Version,38,6HUvBmbZkhq6uGfpRKZ1Zy,Top Cats,35,51979
5K7AMlpc4796JRWXb26nCV,I'll Be,67,0L6Gwm0JDrgIQJfjarWSUR,Edwin McCain,52,290333
2fPb58e6f8KxejYDCaARwS,Say Something,55,5xKp3UyavIBUsGy3DQdXeF,A Great Big World,61,520542
3QsuDKd7ZBl4LyJqz2CwDX,My All,34,4iHNK0tOyZPYnBU7nGAgpQ,Mariah Carey,81,8335427
26tM97xgHCHoiQJtKGfV2w,The Time Warp (Remix 1989 Extended Version),42,0aIOdrjH5s3hJqxmKoAEUg,Richard O'Brien,51,11395
1jsSIPLQlpTqoHI1uIyWvn,Solidarity,0,3PhoLpVuITZKcymswpck5b,Elton John,84,10461440
3J6xUON9BFB8adk5vKLH9j,3 - Radio Edit,16,4G8JJlPdhQp96RQ58u6P0Y,The Real Booty Babes,36,14900
0PD0NwrnzPGUXN23Wn3X2k,Outsider - Radio Edit,26,56BtAqdWXO8V2ZPEkFg2DV,Beat Service,30,14059
0dpNxKXHazvWga4MN6z2rn,Strange Times,47,7mnBLXK823vNxN3UWB7Gfz,The Black Keys,69,3768862
4aWZIBCBMQEgMna9JpgW90,Stop,45,0yT9vbP1EOnCpl2McnF9nH,Mike Bloomfield,38,79675
2hytmM8reqtLSF7RyhMgDR,Everyone's at It,25,13saZpZnCDWOI9D4IJhp1f,Lily Allen,67,1930890
645nibYYjazzjMAVD1RrI9,As Tears Go By,0,22bE4uQ6baNwSHPVcDxLCe,The Rolling Stones,77,12348016
6Iz0GanKO6r5JSL7FX7ChL,Dancing Shoes,0,7Ln80lUS6He07XvHI8qqHH,Arctic Monkeys,87,17060943
5o6sSAGtypSJgErN0IOKYm,New year's day,0,1VGRi6hlsYcOhKut02Tqkt,Charlie Robison,44,76305
4h5uOWibuxo0qrtejla7Pb,Life's About To Get Good,47,5e4Dhzv426EvQe3aDb64jL,Shania Twain,72,2744195
1ntoRhzOEzcdLdrU8lWttO,Money (feat. Mitchell Tenpenny),34,7H2DHycCwUN8oOSrhmJn8M,Cold Creek County,27,21898
0AOMCsfuOaL4omgEOoM3DE,I'm Not Strong Enough to Say No,47,4mOt6H7OnuqLnQrm1Bboc6,BlackHawk,44,227474
5TgD3Wh5ZUZnUU4tmVvJbx,It's Raining Men,61,19xz1vcuKNjniGEftTOSSH,The Weather Girls,55,139502
5558Hb4EGBNf9sCdPlzhiZ,All We Ever Wanted Was Everything,0,0SwO7SWeDHJijQ3XNS7xEE,MGMT,74,2647329
5JypFayfT1V5OG4xJ8q7jK,"Strange Things - From ""Toy Story""/Soundtrack Version",50,3HQyFCFFfJO3KKBlUfZsyW,Randy Newman,59,190322
6MWq3tHBfI2YseZkBOCMbP,What it Takes,41,4zmEyRJbWvBO8S5Yq0OCZ2,Aaryn Doyle,30,592
5iRq0wAibBOBhMkMdAbVcu,Acid Wolfpack - Original Mix,32,1wnrdpW8B0rNCtX5uOSIVL,Coyote Kisses,37,32285
0bVL4IzQzihjBRJnyzjndL,Back Off,19,4P81VkbUxQrMmNwYnzliqJ,Skism,28,87457
6dof6izmyc1mNboHsnT32A,Annihilate,0,48q2mPVwlKnlSaCx07i6Ta,Datsik,44,343111
4vFpYrivNzn0JtUjctDQFn,Hyper Sun,27,3PAXvY08KxX5HmCsmKw4x8,Black Sun Empire,40,101935
1ZFdXzBLNeAG3VotbwFo7r,Louder (feat. Sian Evans) - Doctor P & Flux Pavillion Remix,37,6r20qOqY7qDWI0PPTxVMlC,DJ Fresh,58,283071
3Z8m8jdBW3diuKHIDuiyca,DOCUMENT ONE - SONIC MANIPULATOR,24,70E0CLEf2H8hCo06gHJ7tu,Document One,45,29644
1gvTcjmo5x6xYGUFcquQQs,Rocksteady,0,0QJKELJZZuLAjqLOOixJm5,The Bloody Beetroots,47,236260
2A9rCFEoQPD7hMwFJG3Rrf,Roses for the Dead,0,556r3BcwbHNYkleWfXw5ZB,Halls,6,2763
1WE1ObJ3USzg0eBKkxoWnL,Hey Girl,0,4ERtgeBbWRkFzIz6LaFCeY,Dashboard Confessional,56,557577
3GmmBoe36C8iMHROhqVgxc,Paralyzed,20,55VydwMyCuGcavwPuhutPL,The Used,62,1044030
6xqvmxz4MF2QBnEHX8k2Iz,Marathon Runner,0,3zIJJVhqINXeuLWMbZdlbY,Yellow Ostrich,37,37389
0GYu3Htt9NM5mGFDcAMQlT,Flapper Girl,0,16oZKvXb6WkQlVAjwo2Wbg,The Lumineers,76,4937158
4SsPcRHWAPtykVZs3lTdJS,Wizbot,0,1XyjnnaEzBNvJr1ujxFjCd,Sea Of Bees,19,7173
2oh2kUwpiiQydsK0ahPQp5,Dirty Old Town,34,2wzMOQwNT6ZvVB4amvhFAH,The Pogues,61,444518
5Bb88WRO4906ngHGMvkv4P,Cover Me,50,3R6c2tWDBeYB1GncjLMn9n,Candlebox,52,764339
1yV7aE2ddW0VYNdT4qkZ86,"Aneurysm - Live In Del Mar, California/1991",34,6olE6TJLqED3rqDCT0FyPh,Nirvana,80,16361694
1eLJLT2NpzNQQbbCqnc8SM,Rehab Doll,0,1XIIxzmo6BNRR4QkImSdsX,Green River,33,74532
46MFlm7p0Vqd0eXmLtDlN4,100 (feat. Drake),0,0NbfKEOTQCcwd6o7wSDOHI,The Game,73,4288321
5URYXSFGks9Q8eYePlgVdL,FOR MY PEOPLE,0,2P5sC9cVZDToPxyomzF1UH,Joey Bada$$,73,2811363
4dVpf9jZjcORqGTLUaeYj9,Plain Jane,74,5dHt1vcEm9qb8fCyLcB3HL,A$AP Ferg,71,3406791
4P9mYJxoDs36Roau9qawYP,Who - Radio Edit,26,2vVNxGBvKRQMWwI5c8KmYh,Tujamo,63,237153
4TLyHRKnIZlm0HiQpiiYqR,When I Dip - Original Mix,0,1pbHrVayIcVpHI9z97u4bK,Bingo Players,58,476763
5YqpHuXpFjDVZ7tY1ClFll,Heartbeats,63,6xrCU6zdcSTsG2hLrojpmI,José González,63,1035312
72aiUgeNh09tuy1ru2vprU,우린 지금 어디쯤에 있는 걸까,0,5i8AqrrtbwtPqzkavePQy1,lalasweet,14,6450
3rTEMpjBShfXaic1sRNYeo,Querer y perder,0,0PbO1lSBsJPgyqdEypJJVb,Dyango,56,829532
3Y8bx5Jbx0YFwjZc3jZ54n,"Verdi: Aida, Act 3: ""Padre, a costoro schiava non sono"" (Aida, Amonasro)",17,1JOQXgYdQV2yfrhewqx96o,Giuseppe Verdi,61,559830
2665cAu2QXc6sw5YNDDlH0,"Die Zauberflöte, K.620 / Act 2: ""Der Hölle Rache kocht in meinem Herzen""",0,4NJhFmfw43RLBLjQvxDuRS,Wolfgang Amadeus Mozart,74,4729365
2CKhTRobafduGjVuvwwmCU,"Puccini: Tosca, Act III: E lucevan le stelle (Cavaradossi)",1,0OzxPXyowUEQ532c9AmHUR,Giacomo Puccini,60,393189
7e44z4wOjkllaD8eulUeMd,Truffle Butter,65,0hCNtLu0JehylgoiP8L4Gh,Nicki Minaj,85,26632576
4urxRqBRiaH0i20OKBsgxc,Break,67,2xiIXseIJcq3nG7C8fHeBj,Three Days Grace,74,5303177
0qgrrDnUUhyxpxbBznUnzg,18 and Life,69,4opTS86dN9uO313J9CE8xg,Skid Row,61,2457865
1bCuDudHKCVBf8zvTnYwKP,Hard Headed Woman,0,43ZHCT0cAZBISjO8DG9PnE,Elvis Presley,80,7495646
5inuDU6zkebOEl1hwHaCph,It Should Have Been Me,0,4mGB0olhR5RpsEZWn0cqA8,Yvonne Fair,35,6368
507qvBfBKw6A46oQKVWGwc,Sweep The Floor,0,4jGpKAmwvU263l0tUh4xKU,Joris Voorn,55,147745
2qij1qbQCOkjB8gsu3Y5lH,Black Is The New Yellow - Original Mix,0,3WGxBKuYawiVOmCwR8FIUC,Super8 & Tab,49,67237
5b13t9gqu4zYectfjDtkJj,Reboot - Original Mix,0,7e1BNCygl2Gf7CX8LrByPv,Ummet Ozcan,60,419298
2bWzTwpWxBVJpTlQMuwGW3,Cry for Love,0,4bMqr0AYHC8xIwVm2eG1hL,Clear View,15,1928
2W2wbW6pdWATNGMQIJWORI,Ac-Cent-Tchu-Ate the Positive,34,6eLbRJP12OhyvUv4ntto4e,Jools Holland,42,31889
5sRLBlFHRFk3LerdiGs4Z6,Tight Fittin' Jeans,59,7gi3jmwpUpNWdswT8eEprF,Conway Twitty,58,739704
24ysdDtsZjfrTIXZRKrwpw,The Difference,0,78eqps3BavCqe2q7GCU1VK,Tyler Rich,52,133984
0Jg602cHeMCnPez9baacIe,Cotton Eye Joe,58,22Zqu1yyebVnbve8FxbJ2g,Rednex,55,106474
0oiwxyNHwHSwnQLtU0TnXM,Jag är en Gummibjörn - Swedish Version,0,2d39CEmb9WchQTMdI9CbJ7,Gummybear,0,8665
6j6bTAiW0oEfLlAjmRNcbb,Little Wonders,59,3aBkeBhwadnWMWoVJ2CxJC,Rob Thomas,60,821783
0RJoHV7U9PKwSfH1j0k190,"Battle with the Forces of Evil - From ""Sleeping Beauty""/Score",22,5T60shnsXD8hlLRDsbvFoO,George Bruns,41,18164
04b0q0yHOO7wCYIWTuRXKM,Blood,0,5ImPYAPDvZGDRzUMcw830W,Patterns,1,1050
1xnSRAnAOVjjpT2OOd1qBd,Timestretch,0,1JPy5PsJtkhftfdr6saN2i,Bassnectar,53,609167
3pj6SiBe8SB7Fw31MjtwuZ,Therapy,0,46gyXjRIvN1NL1eCB8GBxo,All Time Low,69,2859767
4N1LUOB78ynfBNAvLIl8TX,Error: Operator,0,24XtlMhEMNdi822vi0MhY1,Taking Back Sunday,61,764443
454wC5PPsU0mPltiJqxDbz,I Got Id,34,1w5Kfo2jwwIPruYS2UWh56,Pearl Jam,73,7858934
0GGpbJOgI4z7zFgNcHkenI,Days of the Week,28,2UazAtjfzqBF0Nho2awK4z,Stone Temple Pilots,66,3036164
1uL78kFWxhz3umTMWJu8n5,Sauce It Up,66,4O15NlyKLIASxsJ0PrXPfz,Lil Uzi Vert,85,14077353
747pkXPsOvNYpcvZ6ddYKv,Don't Stop Dancing,0,6TQj5BFPooTa08A7pk8AQ1,Kaskade,66,900989
4FjXWs9Z5Hgy5fm7CfdfLh,Cobra - Radio Edit,17,6BrvowZBreEkXzJQMpL174,Hardwell,64,3654206
37el170lJYr5CiWJFk207u,Blood on Me,0,2WoVwexZuODvclzULjPQtm,Sampha,63,583221
2KDsMk7EREZ4QEKwhq07lt,Blu,21,5Q81rlcTFh3k6DQJXPdsot,Mura Masa,63,627476
0oooDvDcrBSzSEs6XD0VsV,Ritual Union,0,6Tyzp9KzpiZ04DABQoedps,Little Dragon,61,639842
0o0c343C9e9QD8i2He4yWB,Detalles,0,1c84wItoiAe1pEbpJMqUmQ,Oscar D'León,57,1313888
6gU9OKjOE7ghfEd55oRO57,The Weekend,74,7tYKF4w9nC0nq9CsPZTHyP,SZA,83,8785980
2JzZzZUQj3Qff7wapcbKjc,See You Again (feat. Charlie Puth),81,137W8MRPWKqSmrBGDBFSop,Wiz Khalifa,81,10798575
7KxhSJOYiqCDclXDBNlFSZ,Kill Em With Kindness,65,0C8ZW7ezQVs4URX5aX7Kqx,Selena Gomez,84,38617185
6nULLS7CipGMSzgQDxDpd1,Bad Company,0,5t28BP42x2axFnqOOMg3CM,Five Finger Death Punch,74,5741727
3LlAyCYU26dvFZBDUIMb7a,Demons,74,53XhwfbYqKCa1cC15pYq2q,Imagine Dragons,88,43605162
4WQWeU4k9C7Zx8pdhZIa0U,This Money's Yours - Original London Cast Recording/1989,0,2OqTX6uyzll0y3ydeccZGR,Claude-Michel Schönberg,35,5815
6dyN6PLF3W5W96q8HeaMe5,Johanna,44,6ZXHmiOkRWgjVopMhyRbiE,Jamie Campbell Bower,37,15018
0F7g2lFeh1HFbXiGB9AIaf,Mushnik And Son,0,56E5XajgEQr7pQNK4C10RF,Soundtrack/Cast Album,40,18633
7pv80uUHfocFqfTytu1MVi,Didn't Cha Know,67,7IfculRW2WXyzNQ8djX8WX,Erykah Badu,65,2495527
5dFoWIiJ2814hRwMYDcFiU,She's Gone,64,77tT1kLj6mCWtFNqiOmP9H,Daryl Hall & John Oates,72,1955793
33zaP9mzOPm76Zf7HPGkaw,Bruised But Not Broken,27,7bvcQXJHkFiN1ppIN3q4fi,Joss Stone,57,1014754
1vFVOr0psCHVWjjK2Jp298,99 Problems,0,3nFkdlSjzX9mRTtwJOzDYB,JAY-Z,83,7774318
6Po0JDs8vPuZOCF7RLbtUE,Between Two Points (feat. Swan),43,3a9qv6NLHnsVxJUtKOMHvD,The Glitch Mob,61,542752
6wvDqqfvuHg6BYhvTc9Pg9,"Sweet Sixteen, Parts 1 & 2 - Live At The International Club",0,5xLSa7l4IV1gsQfhAMvl0U,B.B. King,61,2484777
4tkERD3dsIp0mdUEjPDzMT,I Can't Be Satisfied,12,4y6J8jwRAwO4dssiSmN91R,Muddy Waters,55,1185061
3aiJ7o0GqTP88GIep0cPag,Call Me The Breeze,0,06nsZ3qSOYZ2hPVIMcr1IN,J.J. Cale,62,667710
1ZYUi9KmsftgZdWbNBcJcr,Heaven Knows I'm Miserable Now - 2008 Remaster,42,3yY2gUcIsjMr8hjo51PoJ8,The Smiths,75,3676925
2AgOjgFt9kotsPckzMYXZY,She's Not There,21,2jgPkn6LuUazBoBk6vvjh5,The Zombies,59,829063
7w4C4glzX2OpvB53tmZ8qr,Whiskey's Fine,0,4NsVVzuaZGk4aya8Pyacew,Adam Doleac,57,49709
0l7Q1R6vZAPocVR5BQ80nj,One Summer,17,5jfImMkUYyViFJrhdfYt1c,Austin Burke,47,54779
0w3Q14i073jLoew1hgJkwD,Heartache On The Dance Floor,72,4MoAOfV4ROWofLG3a3hhBN,Jon Pardi,71,1520723
0hqXlHVE94CTwXXWRdikbY,"Easy Come, Easy Go",53,5vngPClqofybhPERIqQMYd,George Strait,72,3492513
2Fs18NaCDuluPG1DHGw1XG,Life is a Highway,74,0a1gHP0HAqALbEyxaD5Ngn,Rascal Flatts,68,3362327
15cGdiAHmezm0P04jVAjMo,Letters from Home,55,7mPcfx7PhnBh6n4HMCd61A,John Michael Montgomery,58,892275
6VpH1OWblmhNa24BdLvb0d,Some Girls,0,5pyVHz7lcfqKoV9BflFYwN,Jameson Rodgers,58,60677
4iT1QoDELS2Zp0uBVCfwnY,My Own Home (The Jungle Book Theme),0,3Gs23U1LEgii7Hw1YIi8Ud,Darleen Carr,18,487
2IYbMcX8CSnni1Bw4wYVhC,"Forbidden Mountain - From ""Sleeping Beauty""/Score",21,5T60shnsXD8hlLRDsbvFoO,George Bruns,41,18164
3rQt8UeXzK2GQpyMwiatD9,When I Get Home You're So Dead (New Version),0,3WfJ1OtrWI7RViX9DMyEGy,Mayday Parade,60,1313146
7f1rzHP8aCGTHjTq9CIYqo,The Trapeze Swinger,0,4M5nCE77Qaxayuhp3fVn4V,Iron & Wine,62,1034562
3yMFBuIdPBdJkkzaPBDjKY,Miss World,51,5SHQUMAmEK5KmuSb0aDvsn,Hole,59,918499
1eSs3ZKTdiUmw9e2EQ3SZ6,I'm Open,30,1w5Kfo2jwwIPruYS2UWh56,Pearl Jam,73,7858934
15JINEqzVMv3SvJTAXAKED,Love The Way You Lie,83,7dGJo4pcD2V6oG8kP0tJRR,Eminem,91,62163501
1Ym6aMuT5bliaZMC67AmPp,Cherry,73,00FQb4jTyendYWaN8pK0wa,Lana Del Rey,88,18922353
5DAjrJqXqYtgr67pVhmUeR,Kerala,56,0cmWgDlu9CwTgxPhf403hb,Bonobo,64,1269815
2fJQmRWmlyqRxm8Pwdw7th,"Bess You Is My Woman (From ""Porgy and Bess""",15,6gMW76a7vmuyUuAivTjFGj,Ellis Marsalis,34,12417
3G8kDhIeFmq0dh2NVRd9Nn,Pude Haber Sido Yo,0,4LFOoXhMhnq9U8VsZkSwxl,Edwin Luna y La Trakalosa de Monterrey,65,3228762
7EuobixQYtFbBU6Kk5UEMc,Gotterdammerung (Twilight of the Gods): Prologue: Einleitung,6,1C1x4MVkql8AiABuTw6DgE,Richard Wagner,53,563807
5Htiwvreftu63VjswZuGNv,"Verdi: Aida, Act 1: ""Su! del Nilo al sacro lido"" (Il Re, Ramfis, Aida, Radamès, Amneris, Coro)",26,1JOQXgYdQV2yfrhewqx96o,Giuseppe Verdi,61,559830
5MvOaWMr1HgsQG7mjNaAcS,"La Bohème / Act 1: ""Sì. Mi chiamano Mimì""",8,0OzxPXyowUEQ532c9AmHUR,Giacomo Puccini,60,393189
0mt02gJ425Xjm7c3jYkOBn,Lust For Life (with The Weeknd),71,00FQb4jTyendYWaN8pK0wa,Lana Del Rey,88,18922353
3hYvGiw2Q8QE2YWdIJLBz0,Tell Me You Love Me,0,6S2OmqARrzebs0tKUEyXyp,Demi Lovato,79,23654521
58jx3tTuDuzHysC77c0AQd,Hold My Hand,54,4ScCswdRlyA23odg9thgIO,Jess Glynne,71,2859401
14EORgkbXqIx5K4Haucmnb,Absolute Zero,65,49qiE8dj4JuNdpYGRPdKbF,Stone Sour,63,2598791
48lVHYfNO1TvL54zMNwVnX,Need You Now,0,32WkQRZEVKSzVAAYqukAEA,Lady A,67,3653888
1HNkqx9Ahdgi1Ixy2xkKkL,Photograph,84,6eUKZXaKkcviH0Ku9w2n3V,Ed Sheeran,90,105492653
3mNOLc5ciHbI3HEwi8x04G,The Fall Of Saigon - Original London Cast Recording/1989,0,2OqTX6uyzll0y3ydeccZGR,Claude-Michel Schönberg,35,5815
67vkk9DKfk8F2L5a7GPr2o,Confrontation,0,2OqTX6uyzll0y3ydeccZGR,Claude-Michel Schönberg,35,5815
0WMogrMD3E0PB3ibzfVX3J,Every Story Is A Love Story,34,2I5SzHTskqEe8LJl4IvwnT,Sherie Rene Scott,34,9350
4QbtzII9aA0AYjNmrr32Kq,The World Will Know,36,1LixgO7iYYxlco9KysaeeF,Newsies Ensemble,33,4602
66yhJeApWrFqFNvw0FqGBV,Sex Machine,0,7GaxyUddsPok8BuhxN6OUW,James Brown,62,1973199
0S5EEpFAHcT7cm5XOASc29,Love Never Felt So Good,64,3fMbdgg4jU18AjLCKBhRSm,Michael Jackson,82,25061736
0qklQgnfMcmMqkKzGiJZ07,Stranger To Stability (Len Fake Podium Mix),0,6ScDJaxsDqmtEB0CZY3WAC,Dustin Zahn,20,10604
1QzOw6VatgZLwh6byZBZNB,Bounce Back,8,0SfsnGyD8FpIN4U4WCkBZ5,Armin van Buuren,73,4136384
1h3cjznUgn8TCiz3k1St88,Apprehension - Aly & Fila Mix,6,4dLMBSIVa18pJpTnpfB7Ux,Sergey Nevone,23,3905
69rMjPtfWbelVGHM0TZaAr,"(Shake, Shake, Shake) Shake Your Booty",37,3mQBpAOMWYqAZyxtyeo4Lo,KC & The Sunshine Band,63,844622
1ujQIjwvPyf8BxsGVd4Uos,It's Just a House,31,4kLvhMAuCloLxoP1aVM7Lr,Michael Giacchino,64,281917
31FAFM8svp5TubhyYfxl9g,The Battle,27,5sy77gt4bfsLcSQ8GIe4ZZ,Alan Menken,59,101554
0TCt7OFRdD8PQ6vTRQxNgQ,"I've Got a Dream - From ""Tangled""/Soundtrack Version",63,2LJxr7Pt3JnP60eLxwbDOu,Mandy Moore,63,667472
1SN5BiwLs8hIVlyetAfirB,Reindeer(s) Remix - Outtake,35,3zUCHzvbTmCOZoY750yHPB,Robert Lopez,47,2233
5JBmQtCy7usjAqsN9ymIKx,Wasted,0,5FKchcZpQOkqFvXBj1aCvb,Excision,59,659472
2xQBSaC5tsqyIJ8xfo5BaP,Spreo Superbus,0,3y8IgPuKT8BzFvLGAy1Utp,Kodiak,8,1212
4bGEfWw5uEAnvYuTbESsMa,Nobody's Hero,3,6O7MpKrY91vlCd4Osi6XKs,Black Veil Brides,62,1767744
2l57cfmCnOkwNX1tky02n1,Move Along,67,3vAaWhdBR38Q02ohXqaNHT,The All-American Rejects,65,2406131
1bvERTuePaoVjQ3NpJq9aH,June Hymn,47,7ITd48RbLVpUfheE7B86o2,The Decemberists,53,570601
2ir2gcSm7S0H1Fa7oGKfLr,Boy With a Coin,0,4M5nCE77Qaxayuhp3fVn4V,Iron & Wine,62,1034562
0OdNZXNkVr2NXEmMcgnNaV,Frankie's Gun!,0,4Ajgo7nAsTzjSFymIfBjZ1,The Felice Brothers,40,68980
5aOqM8eYIzUCzbFmrlgiJ6,Wild World,36,08F3Y3SctIlsOEmKd6dnH8,Yusuf / Cat Stevens,68,1616135
2ilmU6mieDn7ztBKjYCxdf,Paper Cuts - Remastered,0,6olE6TJLqED3rqDCT0FyPh,Nirvana,80,16361694
2c5wml8wsBnPfNSbCZ574T,Take a Picture,0,01WjpKiWVNurV5hjIadB8C,Filter,55,459966
4hW2LI0YiTcd4PywnqH89A,Big Wave,30,1w5Kfo2jwwIPruYS2UWh56,Pearl Jam,73,7858934
7iaw359G2XT14uTfV9feip,Lockjaw (feat. Kodak Black),57,6vXTefBL93Dj5IqAWq6OTv,French Montana,74,4750149
2r4JRwcbIeuAzWjH4YXlLs,Yikes,0,5K4W6rqBFWDnAN6FQUkS6x,Kanye West,90,18755413
3ESSGgWzRf1xvP7G5hHMhB,Again,67,6PXS4YHDkKvl1wkIl4V8DL,Fetty Wap,70,4388101
10Igtw8bSDyyFs7KIsKngZ,Freaky Friday (feat. Chris Brown),69,1tqhsYv8yBBdwANFNzHtcr,Lil Dicky,60,1913739
6OTwvWiJX7Lo7OTj2DNKQn,Generation 303 (Original Mix),0,5ChF3i92IPZHduM7jN3dpg,Nicky Romero,63,2207189
3b00LSFIRqnHvkoDEs5fkg,Float On,34,1yAwtBaoHLEDWAnWR87hBT,Modest Mouse,63,1327490
6Y9WuYN6OfMIzKeEgx6El5,Jumping Fences,0,4a2nAPF15Gv8V65Ba3IJSB,The Olivia Tremor Control,37,50291
52huwCjKltggJUzjvnR790,Never Been Wrong,0,5IWCU0V9evBlW4gIeGY4zF,Waxahatchee,53,162365
3GDna1GrUkkjZTaoysolGQ,Quimbara,0,2weA6hhVqTIN2gSn9PUB9U,Celia Cruz,63,495164
5gKavd1JEYeQBEEJtNppcg,"Carmen, Act II, No.18 Finale: Holà! Carmen! holà! holà! (Zuniga/Don José/Carmen)",0,7gbhwnUi2exHS9cGRGqhpn,Nicolas Cavallier,22,187
55rOGQiIrC4NVGODbkwx4w,La traviata: Act I: È strano! ... È strano! ...,4,1JOQXgYdQV2yfrhewqx96o,Giuseppe Verdi,61,559830
0wJ2epgYbxJEkaEYfONaon,The Voiceless,39,6yeRY2d7gubXoymv3DAYhS,Fire From The Gods,53,153173
31AOj9sFz2gM0O3hMARRBx,Losing My Religion,83,4KWTAlx2RvbpseOGMEmROg,R.E.M.,72,3763611
4yPfolLXikAPedJzWI1pF8,Welcome to the 60's,0,51cLPvmhBdl3qTsZCL32Yl,Nikki Blonsky,50,16052
2ObXcpK0NlkbEpjLXHZJn4,Act One Finale,20,2YD3t3MBtQo16C8FrEYVh3,Daniel Radcliffe,30,13250
76FAfdFlazdZxS63izv3j4,If I Were A Rich Man,45,3dRfiJ2650SZu6GbydcHNb,John Williams,75,1173792
7ckO5VCuSYBQGceDzJMd6S,How You Like Me Now,0,0bZCak2tcRMY1dzEIuwF42,The Heavy,57,401468
2TOoPCW05TjfwMqpVTThVZ,Let's Go Surfing,0,0p5axeJsbtTCXBrRVoKjwu,The Drums,63,729046
5bC3XyA9d2qpr37CkMYJk4,Close Enough - Noel Sanger Remix,0,7DT5s5AzEIeXDNjQJ46tT8,Keo Nozari,14,4469
1ARkKt39O6WQqE0QEpZntu,Right As Rain,0,4dpARuHxo51G3z768sgnrY,Adele,84,44110183
7efTNoBgYZ3IsB8wpP1f7R,Spectrum,55,1moxjboGR7GNWYIMWsRjgG,Florence + The Machine,74,6096678
6knYNyQupBIbBxV8TMOMYM,My Blood,56,0X2BH1fck6amBIoJhDVmmJ,Ellie Goulding,78,11358718
2HGymMoOdB4ZYv0AAqYmgF,Famous,41,6xvpfMjWTougrRRtK7iikz,Mason Ramsey,48,141439
4PJXT82AZtlDW4Q71b43oz,Whatever She's Got,63,4DZGvSv2oMkBUnPz67E6z6,David Nail,53,368712
7JnorPtXApoUw2AuJUGLY1,We Went,57,56x8mYvS3cyDGAi8N2FxbB,Randy Houser,60,940696
0CKba2KBPP9TFbh5Nf8i4P,Fast Cars And Freedom,58,0a1gHP0HAqALbEyxaD5Ngn,Rascal Flatts,68,3362327
4CZrDF50zES5KDHmZbX2BG,Seven Nights In Eire,52,0jmPjksXqVrO92Urmx58vg,Reckless Kelly,44,128498
00BuKLSAFkaEkaVAgIMbeA,Telephone,0,1HY2Jd0NmPuamShAr6KMms,Lady Gaga,84,23923632
3LyetI45on2w6hV1H3agi9,"So Many Men, So Little Time",41,0y6KR72CWZyrsYZr8iAq4G,Miquel Brown,34,6853
7Dt1tLDcuY7rwvzXICUz7q,School Of Fish,26,1csBgT42N4pPPs1HJhxXIK,Thomas Newman,62,210200
72tTw8m30ofHkXdYFndjHo,Long Ago...,0,208Yv116AXew7Zp74XMcSm,Charlton Heston,23,561
3o3U18kFcmloGxgDlVVzzI,Tornado (Kill the Noise Remix feat. Polina),0,2o5jDhtHVPhrJdv3cEQ99Z,Tiësto,83,6601401
03uOJUuuTgaFFI1Efal1no,The Son of Flynn - Remixed by Moby,38,4tZwfgrHOc3mvqYlEYSvVi,Daft Punk,80,9029109
2bZqtcd92jJ7CZlrt3Mmwu,Beautiful Life,0,27LGatz1m8aJ7ZaVVWEphc,Gui Boratto,46,141190
2plrjsgUNFn0o61mr3JDRA,Movement,19,4M2H1fDQR5ygAi7MMOVxAA,The Whip,29,28271
4OEnpg5ubhg6OQ4M2ZjtsL,The Grid - Remixed by The Crystal Method,40,4tZwfgrHOc3mvqYlEYSvVi,Daft Punk,80,9029109
0wkzGtpf4WsYgWwDTeCjTR,Face Down,0,1SImpQO0GbjRgvlwCcCtFo,The Red Jumpsuit Apparatus,62,1217537
5mXcLmgkTDJeSSqDMQnhUh,Sidewalks,44,0KDuKk6YdEu3hR56HtXmxt,Story Of The Year,54,418821
0ahOkCowJzgyrkoB1HJLPY,Love Vigilantes,0,4M5nCE77Qaxayuhp3fVn4V,Iron & Wine,62,1034562
5Dx1FyzTvCrGnQqIsRlPEB,Sweet Young Thing Ain't Sweet No More,0,7LuYiSXiWs86rwWJjEEgB9,Mudhoney,43,239963
0cLyScyKTvOEcF64ReuwiO,Things It Would Have Been Helpful to Know Before the Revolution,0,2kGBy2WHvF0VdZyqiVCkDT,Father John Misty,60,711860
0Sg9bWEaPtDO2JE7qwcMvy,The End of the World,52,2wJ4vsxWd7df7dRU4KcoDe,Sharon Van Etten,56,468811
7wVwKqDtZ5EZHghJ82XGw9,Speedway - 2014 Remaster,36,3iTsJGG39nMg9YiolUgLMQ,Morrissey,59,944723
1OJkKHmXsZVKtWlECdpDAe,Sé Que Te Duele,73,6sq1yF0OZEWA4xoXVKW1L9,Alejandro Fernández,75,6231896
2Oi5TLyeal1YurctF6fDnd,"Puccini: La rondine, Act 1: ""Chi il bel sogno di Doretta"" (Magda)",23,0OzxPXyowUEQ532c9AmHUR,Giacomo Puccini,60,393189
4qKcDkK6siZ7Jp1Jb4m0aL,Look Alive (feat. Drake),74,4TEJudQY2pXxVHPE3gD2EU,BlocBoy JB,60,1381980
1XGmzt0PVuFgQYYnV2It7A,Payphone,84,04gDigrS5kc9YWfZHwBETP,Maroon 5,85,38716706
2meEiZKWkiN28gITzFwQo5,Into You,2,66CXWjxzNUsdJxJ2JdwvnR,Ariana Grande,89,85188706
6z5Yh7kOKeLjqIsNdokIpU,A Thousand Years,71,7H55rcKCfwqkyDFH9wpKM6,Christina Perri,70,3429980
4n9e8Nx2FijSDVoumQwXPW,All By Myself,0,4S9EykWXhStSc15wEx8QFK,Céline Dion,73,6781743
7uSxlYmb19TczZ3AP1s3tO,Light My Candle,47,0bvwPCit9Yh0yVdLKGnXRi,Adam Pascal,49,16666
0mBkoM8r7KAQzZij5swTUL,Walking On A Dream,57,67hb7towEyKvt5Z8Bx306c,Empire of the Sun,68,1224346
2NniAhAtkRACaMeYt48xlD,50 Ways to Say Goodbye,67,3FUY2gzHeIiaesXtOAdB7A,Train,71,4164751
16Cs9KsHzgunxaEfGrXysG,Play Hard (feat. Ne-Yo & Akon) - New Edit,65,1Cs0zKBU1kc0i8ypK3B9ai,David Guetta,88,25053090
4s5MG70fcI6fPc9GSo1YPx,Between The Rays,3,1YuNQvsvOsMBm0ahbxB8qM,Orjan Nilsen,46,142667
2B98ljvzqpCVgt5reTHq28,Better Man,67,1w5Kfo2jwwIPruYS2UWh56,Pearl Jam,73,7858934
7H5OQN4iv3cKE3ZNP5Mbct,If You Could Only See,50,6qXwLwTLdA44HYsA26vaNU,Tonic,51,274930
6M23RkYPbVR91c4iWVNkcl,Changing,50,7xovAENFxmyEWhzbnHsB3Z,The Airborne Toxic Event,47,211544
7cu4B7O5wgLBA0TK7W2QXa,Stones In My Passway,25,0f8MDDzIc6M4uH1xH0o0gy,Robert Johnson,44,524531
7weLWbJdUz7ZQR4ZJX6l59,Mellow Yellow,34,6vLlQYujOujIrm7zAKzEdG,Donovan,57,625067
3TozQOXWTxGJxCnqbYoTAN,Mr. Maker,43,1GLtl8uqKmnyCWxHmw9tL4,The Kooks,67,2332742
1Xa0gIAsmt1vRlo2fXPZEr,On My Way to You,27,6zLBxLdl60ekBLpawtT63I,Cody Johnson,72,748801
5MtRLgTpoFXZAH6Tb3Nf7V,All of It,40,1mfDfLsMxYcOOZkzBxvSVW,Cole Swindell,68,1934721
2D8uSBoQzyRqlKvCXIJL2X,Me and a Memory,30,1gmKCymY1bESfw6oF1V6gk,Shotgun Rider,39,19306
2jwaErbghhcia4JqUYWz3g,Days Go By,59,0u2FHSq3ln94y5Q57xazwf,Keith Urban,70,4933681
5gIJUFDYsyNzRGBcS3lVcX,Remember When,33,4mxWe1mtYIYfP040G38yvS,Alan Jackson,71,2147793
50VNvhzyaSplJCKWchN7a8,Impossible,49,4IWBUUAFIplrNtaOHcJPRM,James Arthur,79,10626843
3lLt8ofMFRTCcn8u46h4Ff,One Way Ticket,36,3R6f1aBWwde7ZqGv7hf4dY,Eruption,45,53856
